Sample	number_of_genes_contributing_to_1%_of_reads	number_of_genes_contributing_to_5%_of_reads	number_of_genes_contributing_to_10%_of_reads	number_of_genes_contributing_to_50%_of_reads	number_of_genes_contributing_to_80%_of_reads
block_3	1	4	11	2049	7444
block_4	1	6	31	2674	7676
block_5	2	19	84	1422	3794
block_6	2	36	175	3004	7655
block_7	2	28	153	3034	7862
block_8	1	1	3	348	2801
block_10	1	4	12	2282	7129
block_11	5	67	227	3364	8426
block_17	2	16	139	2926	7692
block_18	2	8	50	2631	7482
block_19	1	3	6	1333	6156
block_20	2	10	48	2787	8096
block_21	7	86	262	3333	8250
block_22	2	26	180	3509	8788
block_23	1	6	25	2799	8150
block_24	1	1	2	35	933
block_25	15	126	329	3626	8712
block_26	1	2	5	767	5228
block_27	2	16	64	2439	7041
block_28	1	5	14	2235	6357
block_33	1	2	3	173	1741
block_34	1	2	3	344	4973
block_35	1	5	16	2468	7660
block_36	1	2	3	78	1928
block_37	18	131	327	3452	8298
block_38	15	116	294	3254	8015
block_39	2	11	49	1385	3872
block_40	1	4	14	483	2456
block_41	1	3	7	332	1372
chalasani_1	1	2	8	494	2636
chalasani_2	1	2	12	484	2512
chalasani_3	1	2	10	432	2319
chalasani_4	1	4	14	524	2573
chalasani_5	1	6	20	604	2724
chalasani_6	1	2	7	344	2378
chalasani_7	1	4	17	515	2751
chalasani_8	1	4	15	540	2704
chalasani_9	1	4	14	445	2548
chalasani_10	1	4	11	418	2494
chalasani_11	1	5	17	487	2742
chalasani_12	1	4	15	546	2776
chalasani_13	1	2	9	401	2439
chalasani_14	1	3	7	378	2461
chalasani_15	1	3	14	451	2408
chalasani_16	1	5	17	535	2724
chalasani_17	1	5	15	436	2695
chalasani_18	1	3	15	416	2625
chalasani_19	1	5	22	599	2837
chalasani_20	1	3	7	364	2228
chalasani_21	1	4	14	382	2414
chalasani_22	1	3	13	454	2513
chalasani_23	1	4	11	399	2438
chalasani_24	1	4	8	283	2172
chalasani_25	1	5	15	486	2786
chalasani_26	1	6	22	597	2876
chalasani_27	1	4	12	428	2505
chalasani_28	1	5	14	463	2407
chalasani_29	1	3	14	500	2463
chalasani_30	1	2	7	327	2186
chalasani_31	1	3	11	427	2472
chalasani_32	1	4	14	455	2248
chalasani_33	1	5	17	530	2682
chalasani_34	1	5	13	431	2029
chalasani_35	1	4	16	416	2417
chalasani_36	1	3	12	475	2549
chalasani_37	1	5	14	478	2629
chalasani_38	1	4	16	524	2692
chalasani_39	1	4	15	430	2502
chalasani_40	1	5	15	440	2658
chalasani_41	1	5	17	513	2708
chalasani_42	1	6	19	489	2519
chalasani_43	1	5	17	509	2742
chalasani_44	1	5	17	515	2712
chalasani_45	1	4	16	462	2456
chalasani_46	1	2	6	398	2439
chalasani_47	1	2	4	293	2202
chalasani_48	1	2	8	341	2133
chalasani_49	1	4	15	483	2848
chalasani_50	1	4	14	468	2473
chalasani_51	1	5	18	532	2536
chalasani_52	1	5	18	481	2425
chalasani_53	1	6	16	505	2632
chalasani_54	1	2	10	386	2262
chalasani_55	1	5	17	485	2492
chalasani_56	1	4	14	427	2261
chalasani_57	1	2	10	382	2238
chalasani_58	1	4	16	441	2470
chalasani_59	1	4	13	468	2584
chalasani_60	1	4	14	462	2638
chalasani_61	1	4	13	427	2536
chalasani_62	1	5	21	535	2729
chalasani_63	1	5	18	510	2705
chalasani_64	1	3	13	455	2586
chalasani_65	1	4	15	523	2627
chalasani_66	1	4	15	436	2471
chalasani_67	1	5	19	618	2839
chalasani_68	1	3	8	452	2576
chalasani_69	1	3	6	306	2089
chalasani_70	1	5	17	520	2819
chalasani_71	1	4	16	495	2826
chalasani_72	1	5	19	650	3040
chalasani_73	1	4	16	505	2713
chalasani_74	1	4	15	475	2630
chalasani_75	1	2	11	379	2335
chalasani_76	1	4	14	554	2987
chalasani_77	1	5	17	514	2888
chalasani_78	1	4	13	475	2773
chalasani_79	1	3	12	461	2578
chalasani_80	1	6	20	551	2870
chalasani_81	1	3	13	431	2505
chalasani_82	1	3	13	435	2533
chalasani_83	1	5	15	462	2770
chalasani_84	1	3	15	475	2632
chalasani_85	1	5	18	460	2625
chalasani_86	1	5	18	465	2568
chalasani_87	1	4	11	416	2534
chalasani_88	1	4	18	510	2871
chalasani_89	1	4	15	568	2895
chalasani_90	1	3	12	423	2572
chalasani_91	1	4	13	514	2744
chalasani_92	1	3	9	366	2284
chalasani_93	1	5	20	535	2814
chalasani_94	1	3	17	485	2577
chalasani_95	1	5	15	466	2768
chalasani_96	1	4	12	470	2592
chalasani_97	1	4	16	446	2551
chalasani_98	1	4	14	394	2505
chalasani_99	1	4	17	541	2932
chalasani_100	1	5	17	439	2610
chalasani_101	1	3	15	474	2671
chalasani_102	1	3	14	577	3092
chalasani_103	1	5	19	550	2831
chalasani_104	1	4	15	476	2732
chalasani_105	1	7	22	502	2612
chalasani_106	1	4	15	473	2675
chalasani_107	1	6	17	511	2737
chalasani_108	1	5	18	506	2709
chalasani_109	1	4	16	516	2852
chalasani_110	1	5	18	548	2857
chalasani_111	1	5	20	541	2805
chalasani_112	1	5	19	542	2868
chalasani_113	1	6	23	648	3084
chalasani_114	1	5	14	477	2644
chalasani_115	1	5	20	581	2866
chalasani_116	1	6	19	510	2788
chalasani_117	1	5	18	526	2835
chalasani_118	1	3	13	460	2794
chalasani_119	1	4	9	339	2264
chalasani_120	1	5	15	465	2581
chalasani_121	1	4	18	475	2686
chalasani_122	1	6	21	608	2993
chalasani_123	1	5	16	472	2602
chalasani_124	1	3	13	455	2610
chalasani_125	1	5	19	569	2828
chalasani_126	1	5	15	495	2751
chalasani_127	1	4	16	483	2718
chalasani_128	1	5	18	568	2902
chalasani_129	1	4	18	521	2765
chalasani_130	1	6	22	583	2850
chalasani_131	1	3	12	435	2612
chalasani_132	1	5	18	460	2618
chalasani_133	1	3	8	425	2611
chalasani_134	1	4	13	479	2810
chalasani_135	1	4	15	396	2620
chalasani_136	1	6	20	511	2660
chalasani_137	1	5	14	459	2583
chalasani_138	1	4	16	544	2767
chalasani_139	1	4	13	478	2870
chalasani_140	1	3	11	414	2434
chalasani_141	1	4	15	421	2420
chalasani_142	1	4	16	425	2316
chalasani_143	1	4	15	589	3230
chalasani_144	1	5	17	512	2779
chalasani_145	1	3	14	421	2480
chalasani_146	1	7	20	556	2519
chalasani_147	1	4	19	580	2960
chalasani_148	1	3	6	433	2580
chalasani_149	1	4	15	491	2679
chalasani_150	1	3	10	447	2651
chalasani_151	1	3	13	433	2293
chalasani_152	1	4	14	556	2902
chalasani_153	1	4	18	566	2902
chalasani_154	1	4	15	485	2750
chalasani_155	1	2	5	295	2203
chalasani_156	1	5	18	506	2713
chalasani_157	1	3	10	382	2278
chalasani_158	1	3	12	434	2559
chalasani_159	1	4	18	515	2740
chalasani_160	1	5	15	488	2682
chalasani_161	1	4	15	520	2836
chalasani_162	1	4	14	518	2735
chalasani_163	1	5	17	566	2805
chalasani_164	1	7	25	779	3435
chalasani_165	1	6	21	551	2830
chalasani_166	1	2	10	417	2418
chalasani_167	1	4	11	451	2640
chalasani_168	1	5	20	533	2666
chalasani_169	1	4	17	489	2711
chalasani_170	1	4	17	558	2861
chalasani_171	1	4	15	484	2394
chalasani_172	1	5	18	513	2624
chalasani_173	1	3	10	446	2692
chalasani_174	1	4	15	446	2605
chalasani_175	1	5	15	494	2831
chalasani_176	1	4	16	515	2656
chalasani_177	1	4	16	441	2570
chalasani_178	1	4	15	506	2749
chalasani_179	1	4	18	579	2930
chalasani_180	1	3	11	434	2666
chalasani_181	1	5	18	427	2346
chalasani_182	1	2	8	334	2146
chalasani_183	1	4	16	497	2657
chalasani_184	1	4	15	500	2700
chalasani_185	1	3	7	414	2439
chalasani_186	1	8	25	624	2846
chalasani_187	1	4	14	502	2726
chalasani_188	1	3	11	369	2145
chalasani_189	1	5	19	542	2846
chalasani_190	1	4	12	469	2279
chalasani_191	1	4	14	425	2492
chalasani_192	1	5	19	559	2692
chalasani_193	1	2	10	379	2219
chalasani_194	1	4	15	520	2617
chalasani_195	1	4	17	543	2725
chalasani_196	1	4	12	459	2441
chalasani_197	1	4	17	550	2813
chalasani_198	1	3	11	477	2268
chalasani_199	1	5	18	546	2914
chalasani_200	1	5	15	425	2289
chalasani_201	1	2	8	451	2210
chalasani_202	1	3	9	348	2310
chalasani_203	1	3	13	424	2395
chalasani_204	1	4	13	466	2686
chalasani_205	1	2	11	367	2207
chalasani_206	1	5	21	589	2837
chalasani_207	1	5	20	583	2867
chalasani_208	1	4	15	468	2328
chalasani_209	1	4	17	470	2510
chalasani_210	1	4	16	480	2380
chalasani_211	1	5	17	497	2637
chalasani_212	1	4	14	448	2382
chalasani_213	1	6	21	551	2675
chalasani_214	1	3	12	345	1941
chalasani_215	1	5	17	445	2523
chalasani_216	1	5	19	527	2550
chalasani_217	1	3	15	447	2450
chalasani_218	1	6	20	630	3304
chalasani_219	1	6	20	595	3091
chalasani_220	1	5	15	498	2646
chalasani_221	1	6	21	614	2903
chalasani_222	1	5	18	490	2682
chalasani_223	1	7	23	512	2710
chalasani_224	1	3	13	483	2735
chalasani_225	1	6	22	585	3015
chalasani_226	1	6	16	534	2596
chalasani_227	1	5	17	491	2564
chalasani_228	1	6	23	733	3211
chalasani_229	1	6	22	587	2668
chalasani_230	1	5	17	522	2911
chalasani_231	1	5	21	625	3046
chalasani_232	1	6	16	472	2461
chalasani_233	1	5	19	635	3053
chalasani_234	1	6	19	551	2800
chalasani_235	1	4	11	488	2577
chalasani_236	1	7	21	601	2851
chalasani_237	1	7	23	685	3113
chalasani_238	1	5	19	569	2993
chalasani_239	1	6	21	553	2629
chalasani_240	1	7	24	671	3085
chalasani_241	1	10	30	706	3072
chalasani_242	1	6	19	626	3206
chalasani_243	1	8	27	660	3057
chalasani_244	1	4	15	451	2581
chalasani_245	1	7	23	670	3114
chalasani_246	1	7	25	716	3183
chalasani_247	1	5	19	680	3110
chalasani_248	1	6	19	562	2932
chalasani_249	1	6	21	613	3031
chalasani_250	1	3	11	468	2292
chalasani_251	1	2	10	466	2568
chalasani_252	1	4	12	479	2438
chalasani_253	1	3	10	468	2455
chalasani_254	1	4	15	507	2428
chalasani_255	1	4	18	538	2573
chalasani_256	1	3	9	402	2509
chalasani_257	1	4	15	507	2613
chalasani_258	1	3	11	366	2168
chalasani_259	1	4	17	520	2701
chalasani_260	1	3	11	442	2503
chalasani_261	1	3	8	438	2621
chalasani_262	1	5	19	596	2944
chalasani_263	1	3	12	397	2402
chalasani_264	1	3	14	499	2631
chalasani_265	1	2	4	312	2103
chalasani_266	1	3	11	399	2402
chen_1	1	3	5	287	2155
chen_2	1	3	7	276	1897
chen_3	1	3	8	402	1990
chen_4	1	2	4	192	1345
chen_5	1	4	11	605	3114
chen_6	1	1	3	156	1323
chen_7	1	4	12	489	2538
chen_8	1	5	12	426	2410
chen_9	1	4	9	389	1811
chen_10	1	1	2	16	298
chen_11	1	1	2	22	373
chen_12	1	1	2	27	334
chen_13	1	1	2	36	409
chen_14	1	1	2	18	415
chen_15	1	1	2	16	304
chen_16	1	1	1	9	208
chen_17	1	1	2	21	349
chen_18	1	1	2	28	338
chen_19	1	1	2	21	426
chen_20	1	1	2	27	576
chen_21	1	1	1	8	203
chen_22	1	1	1	13	250
chen_23	1	1	2	34	452
chen_24	1	2	4	243	1965
chen_25	1	4	11	481	2628
chen_26	1	3	8	245	699
chen_27	1	2	3	131	1482
chen_28	1	3	7	306	2226
chen_29	1	6	15	362	1006
chen_30	1	3	8	402	2645
chen_31	1	1	2	41	717
chen_32	1	1	2	26	381
chen_33	1	1	2	17	289
chen_34	1	2	4	70	838
chen_35	1	1	2	31	372
chen_36	1	1	2	32	518
chen_37	1	1	2	16	351
chen_38	1	1	2	24	444
chen_39	1	1	2	13	269
chen_40	1	2	3	30	479
chen_41	1	1	1	9	156
chen_42	1	1	2	15	257
chen_43	1	2	4	51	523
chen_44	1	1	2	24	689
chen_45	1	2	3	78	1066
chen_46	1	1	2	17	276
chen_47	1	2	3	40	415
chen_48	1	1	2	30	500
chen_49	1	1	2	26	401
chen_50	1	1	2	18	350
chen_51	1	1	2	25	284
chen_52	1	2	4	57	569
chen_53	1	1	2	33	510
chen_54	1	1	1	5	2094
chen_55	1	1	2	18	279
chen_56	1	1	2	24	339
chen_57	1	1	2	19	309
chen_58	1	1	2	8	223
chen_59	1	1	1	5	46
chen_60	1	2	3	47	667
chen_61	1	1	2	36	571
chen_62	1	1	2	28	722
chen_63	1	2	3	46	571
chen_64	1	2	3	42	489
chen_65	1	1	2	20	496
chen_66	1	1	2	35	985
chen_67	1	2	3	262	2121
chen_68	1	3	7	415	2693
chen_69	1	1	3	234	1235
chen_70	1	2	6	225	891
chen_71	1	5	14	512	2349
chen_72	1	4	7	361	2344
chen_73	1	5	16	747	3768
chen_74	1	3	8	461	2586
chen_75	1	2	3	104	1714
chen_76	1	2	5	239	2569
chen_77	1	2	3	48	548
chen_78	1	5	12	688	3123
chen_79	8	72	222	2930	7382
chen_80	2	13	42	1101	3978
chen_81	2	44	175	3016	7876
chen_82	1	6	19	890	3355
chen_83	1	5	19	1111	4510
chen_84	1	6	16	745	3048
chen_85	2	9	28	845	3200
chen_86	1	2	7	391	2515
chen_87	3	65	232	3286	8120
chen_88	5	68	210	2788	7127
chen_89	6	70	204	2644	6824
chen_90	1	6	19	548	2338
chen_91	1	3	12	1130	3561
chen_92	1	3	38	1487	4299
chen_93	1	3	12	890	3050
chen_94	1	2	3	65	860
chen_95	1	1	1	3	10
chen_96	1	1	1	3	32
chen_97	1	1	3	28	398
chen_98	1	1	2	14	228
chen_99	1	1	1	13	278
chen_100	1	2	3	44	458
chen_101	1	1	2	23	296
chen_102	1	2	3	44	552
chen_103	1	2	3	43	571
chen_104	1	1	2	20	307
chen_105	1	1	2	15	334
chen_106	1	1	2	41	802
chen_107	1	1	2	16	108
chen_108	1	1	2	25	388
chen_109	1	1	2	19	343
chen_110	1	1	2	29	437
chen_111	1	2	3	50	594
chen_112	1	1	2	27	419
chen_113	1	1	2	19	369
chen_114	1	1	2	23	336
chen_115	1	1	2	14	321
chen_116	1	1	2	12	301
chen_117	1	1	2	17	326
chen_118	1	1	2	13	253
chen_119	1	2	3	68	764
chen_120	1	1	2	19	250
chen_121	1	1	3	37	468
chen_122	1	2	3	36	537
chen_123	1	1	2	16	304
chen_124	1	2	3	54	569
chen_125	1	1	2	46	970
chen_126	1	2	3	65	793
chen_127	1	2	4	82	1447
chen_128	1	1	2	18	358
chen_129	1	1	2	18	279
chen_130	1	1	3	33	448
chen_131	1	1	1	3	21
chen_132	1	1	2	21	277
chen_133	1	2	3	55	754
chen_134	1	2	3	40	356
chen_135	1	1	1	14	331
chen_136	1	1	1	6	49
chen_137	1	2	3	66	741
chen_138	1	2	4	64	693
chen_139	1	1	2	22	333
chen_140	1	1	1	3	11
chen_141	1	1	2	25	377
chen_142	1	1	1	10	571
chen_143	1	1	2	37	403
chen_144	1	2	3	42	378
chen_145	1	2	3	45	548
chen_146	1	1	1	11	189
chen_147	1	1	2	11	65
chen_148	1	1	2	39	857
chen_149	1	1	2	21	373
chen_150	1	1	2	32	426
chen_151	1	2	3	84	872
chen_152	1	1	2	18	391
chen_153	1	1	2	25	448
chen_154	1	1	2	25	379
chen_155	1	1	1	8	45
chen_156	1	1	2	36	527
chen_157	1	1	1	8	37
chen_158	1	2	4	66	543
chen_159	1	1	2	15	262
chen_160	1	1	2	52	891
chen_161	1	1	2	21	406
chen_162	1	1	2	17	350
chen_163	1	1	2	39	461
chen_164	1	2	4	116	1230
chen_165	1	1	1	4	18
chen_166	1	1	1	6	34
chen_167	1	1	2	13	370
chen_168	1	1	1	10	209
chen_169	1	1	2	13	229
chen_170	1	1	2	27	396
chen_171	1	1	2	14	351
chen_172	1	1	3	42	493
chen_173	1	2	3	53	684
chen_174	1	1	2	14	239
chen_175	1	1	1	13	450
chen_176	1	1	2	55	830
chen_177	1	1	2	17	422
chen_178	1	1	2	23	381
chen_179	1	1	2	25	400
chen_180	1	1	1	14	265
chen_181	1	1	2	22	430
chen_182	1	1	1	3	8
chen_183	1	2	3	36	397
chen_184	1	1	2	15	290
chen_185	1	3	6	269	2256
chen_186	1	4	9	384	2537
chen_187	1	4	8	381	2605
chen_188	1	1	1	9	424
chen_189	1	1	1	25	970
chen_190	1	1	1	12	341
chen_191	1	4	9	425	2622
chen_192	1	5	10	395	2548
chen_193	1	3	9	472	2771
chen_194	1	5	11	376	2559
chen_195	1	2	7	401	3059
chen_196	1	4	11	675	3248
chen_197	1	4	11	402	2498
chen_198	1	3	8	453	2688
chen_199	1	2	5	340	2465
chen_200	1	1	1	19	599
chen_201	1	1	1	162	1780
chen_202	1	1	1	4	208
chen_203	1	1	2	23	456
chen_204	1	1	2	32	464
chen_205	1	1	2	29	561
chen_206	1	1	2	23	537
chen_207	1	1	2	65	1043
chen_208	1	1	2	12	521
chen_209	1	1	2	17	417
chen_210	1	1	2	24	582
chen_211	1	2	3	84	1278
chen_212	1	1	2	34	452
chen_213	1	1	2	45	908
chen_214	1	1	2	33	762
chen_215	1	1	2	18	362
chen_216	1	1	2	20	526
chen_217	1	1	2	36	672
chen_218	1	4	8	529	2728
chen_219	1	2	5	205	1795
chen_220	1	4	10	536	2970
chen_221	1	1	1	1	7
chen_222	1	1	1	1	4
chen_223	1	1	1	56	1077
chen_224	1	1	1	51	179
chen_225	1	1	1	1	60
chen_226	1	1	1	32	218
chen_227	1	1	2	45	795
chen_228	1	1	2	15	342
chen_229	1	1	2	21	462
chen_230	1	2	3	60	641
decruyenaere_1	1	1	1	6	201
decruyenaere_2	1	1	1	11	571
decruyenaere_3	1	1	2	8	186
decruyenaere_4	1	1	2	10	253
decruyenaere_5	1	1	1	5	117
decruyenaere_6	1	1	2	48	1246
decruyenaere_7	1	2	3	72	931
decruyenaere_8	1	1	1	6	92
decruyenaere_9	1	1	2	11	583
decruyenaere_10	1	2	3	162	1448
decruyenaere_11	1	1	3	66	1097
decruyenaere_12	1	1	2	23	806
decruyenaere_13	1	1	2	59	1080
decruyenaere_14	1	1	1	7	373
decruyenaere_15	1	2	3	76	1191
decruyenaere_16	1	2	5	276	2232
decruyenaere_17	1	1	1	8	352
decruyenaere_18	1	1	3	147	1742
decruyenaere_19	1	1	1	5	278
decruyenaere_20	1	1	1	8	336
decruyenaere_21	1	1	2	12	476
decruyenaere_22	1	1	2	18	635
decruyenaere_23	1	1	2	20	582
decruyenaere_24	1	1	2	24	468
decruyenaere_25	1	1	3	57	896
decruyenaere_26	1	2	3	68	887
decruyenaere_27	1	1	2	27	645
decruyenaere_28	1	2	3	58	892
decruyenaere_29	1	2	4	169	1710
decruyenaere_30	1	1	2	87	1354
decruyenaere_31	1	2	3	136	1562
decruyenaere_32	1	1	2	19	418
decruyenaere_33	1	1	2	26	620
decruyenaere_34	1	2	4	218	1962
decruyenaere_35	1	1	3	125	1496
decruyenaere_36	1	3	6	260	2053
decruyenaere_37	1	2	4	211	1725
decruyenaere_38	1	1	2	57	1219
decruyenaere_39	1	1	2	37	871
decruyenaere_40	1	1	2	31	947
decruyenaere_41	1	2	3	51	689
decruyenaere_42	1	1	2	33	772
decruyenaere_43	1	1	2	30	663
decruyenaere_44	1	1	2	69	1360
decruyenaere_45	1	1	2	20	339
decruyenaere_46	1	1	2	24	593
decruyenaere_47	1	1	2	9	357
decruyenaere_48	1	1	2	30	462
decruyenaere_49	1	1	2	53	926
decruyenaere_50	1	1	2	58	1115
decruyenaere_51	1	1	2	23	411
decruyenaere_52	1	1	2	16	480
decruyenaere_53	1	1	2	16	842
decruyenaere_54	1	2	3	202	1849
decruyenaere_55	1	1	2	29	568
decruyenaere_56	1	3	6	385	2441
decruyenaere_57	1	1	2	18	588
decruyenaere_58	1	1	2	14	822
decruyenaere_59	1	1	1	6	179
decruyenaere_60	1	1	1	6	265
decruyenaere_61	1	1	2	23	561
decruyenaere_62	1	1	2	11	516
decruyenaere_63	1	2	3	69	783
decruyenaere_64	1	1	1	9	448
decruyenaere_65	1	1	2	14	317
decruyenaere_66	1	2	3	62	857
decruyenaere_67	1	1	2	44	924
decruyenaere_68	1	1	3	40	643
decruyenaere_69	1	1	2	20	549
decruyenaere_70	1	1	2	21	644
decruyenaere_71	1	1	1	9	308
decruyenaere_72	1	1	1	10	559
decruyenaere_73	1	1	2	41	726
decruyenaere_74	1	1	2	18	452
decruyenaere_75	1	1	2	44	1115
decruyenaere_76	1	1	2	14	338
decruyenaere_77	1	1	2	9	187
decruyenaere_78	1	2	3	97	1252
decruyenaere_79	1	2	4	215	1971
decruyenaere_80	1	1	2	29	659
decruyenaere_81	1	1	2	29	384
decruyenaere_82	1	2	3	41	586
decruyenaere_83	1	1	2	40	502
decruyenaere_84	1	1	2	60	733
decruyenaere_85	1	1	2	12	369
decruyenaere_86	1	1	3	380	2382
decruyenaere_87	1	1	2	34	456
decruyenaere_88	1	1	2	24	430
decruyenaere_89	1	1	2	41	502
decruyenaere_90	1	1	3	111	1650
decruyenaere_91	1	1	1	8	168
decruyenaere_92	1	2	3	95	1248
decruyenaere_93	1	1	2	19	737
decruyenaere_94	1	1	1	16	250
decruyenaere_95	1	1	2	18	769
decruyenaere_96	1	2	3	49	892
decruyenaere_97	1	2	4	68	624
decruyenaere_98	1	1	2	51	444
decruyenaere_99	1	1	2	11	325
decruyenaere_100	1	1	1	16	347
decruyenaere_101	1	1	1	17	316
decruyenaere_102	1	1	1	10	305
decruyenaere_103	1	1	2	30	633
decruyenaere_104	1	1	2	45	496
decruyenaere_105	1	1	2	22	473
decruyenaere_106	1	1	2	69	823
decruyenaere_107	1	1	2	40	433
decruyenaere_108	1	1	2	15	323
decruyenaere_109	1	1	1	32	802
decruyenaere_110	1	1	1	19	281
decruyenaere_111	1	1	2	13	221
decruyenaere_112	1	1	1	19	348
decruyenaere_113	1	1	1	26	372
decruyenaere_114	1	1	2	25	446
decruyenaere_115	1	1	2	25	429
decruyenaere_116	1	3	8	304	1621
decruyenaere_117	1	1	2	52	1153
decruyenaere_118	1	2	5	255	2333
decruyenaere_119	1	3	5	356	2296
decruyenaere_120	1	1	2	55	841
decruyenaere_121	1	1	2	24	867
decruyenaere_122	1	1	2	45	607
decruyenaere_123	1	2	3	41	588
decruyenaere_124	1	2	4	146	1545
decruyenaere_125	1	3	6	322	2407
decruyenaere_126	1	1	2	38	678
decruyenaere_127	1	2	3	49	555
decruyenaere_128	1	1	2	24	782
decruyenaere_129	1	1	2	33	597
decruyenaere_130	1	2	3	84	1337
decruyenaere_131	1	2	3	54	775
decruyenaere_132	1	2	5	409	2467
decruyenaere_133	1	1	2	34	761
decruyenaere_134	1	1	2	36	633
decruyenaere_135	1	1	6	328	1948
decruyenaere_136	1	2	4	105	1232
decruyenaere_137	1	2	3	61	830
decruyenaere_138	1	1	2	20	419
decruyenaere_139	1	2	3	149	1770
decruyenaere_140	1	1	2	42	850
decruyenaere_141	1	2	3	77	1181
decruyenaere_142	1	2	3	65	651
decruyenaere_143	1	1	2	13	693
decruyenaere_144	1	1	2	75	1221
decruyenaere_145	1	1	2	33	1013
decruyenaere_146	1	2	4	182	1553
decruyenaere_147	1	2	3	147	1737
decruyenaere_148	1	1	2	32	753
decruyenaere_149	1	1	2	30	1005
decruyenaere_150	1	1	2	22	364
decruyenaere_151	1	1	2	9	544
decruyenaere_152	1	1	3	65	631
decruyenaere_153	1	1	1	14	467
decruyenaere_154	1	1	3	124	1201
decruyenaere_155	1	3	8	345	2161
decruyenaere_156	1	2	4	135	1488
decruyenaere_157	1	2	4	63	798
decruyenaere_158	1	2	6	411	2395
decruyenaere_159	1	1	3	72	1170
decruyenaere_160	1	1	3	73	1104
decruyenaere_161	1	2	4	164	1593
decruyenaere_162	1	1	3	88	791
decruyenaere_163	1	1	2	27	698
decruyenaere_164	1	2	3	54	779
decruyenaere_165	1	2	3	59	901
decruyenaere_166	1	1	3	107	1088
decruyenaere_167	1	1	3	111	1081
decruyenaere_168	1	2	3	102	1420
flomics_1_5	1	3	6	259	2024
flomics_1_6	1	3	6	267	2025
flomics_1_7	1	3	6	263	2028
flomics_1_8	1	3	6	261	2029
flomics_2_1	1	3	8	366	2385
flomics_2_2	1	2	5	309	2186
flomics_2_3	1	2	3	157	1346
flomics_2_4	1	2	6	251	1977
flomics_2_5	1	3	5	221	1830
flomics_2_6	1	3	8	306	1990
flomics_2_7	1	2	5	196	1652
flomics_2_8	1	3	5	197	1770
flomics_2_9	1	2	4	212	1807
flomics_2_10	1	2	4	191	1848
flomics_2_11	1	3	7	582	2897
flomics_2_12	1	2	3	126	1199
flomics_2_13	1	3	8	377	2344
flomics_2_14	1	3	7	257	1940
flomics_2_15	1	2	6	233	1905
flomics_2_16	1	3	7	276	2063
flomics_2_17	1	3	7	350	2217
flomics_2_18	1	3	7	286	2025
flomics_2_19	1	2	5	217	1893
flomics_2_20	1	2	6	280	1938
flomics_2_21	1	3	8	347	2211
flomics_2_22	1	3	7	326	2191
flomics_2_23	1	3	6	250	1895
flomics_2_24	1	3	7	325	2101
flomics_2_25	1	3	6	286	2005
flomics_2_26	1	3	9	408	2289
flomics_2_27	1	2	4	185	1542
flomics_2_28	1	3	5	228	1734
flomics_2_29	1	3	6	319	2064
flomics_2_30	1	3	7	359	2244
flomics_2_31	1	3	7	296	2091
flomics_2_32	1	3	8	396	2315
flomics_2_33	1	4	11	418	2323
flomics_2_34	1	3	8	391	2397
flomics_2_35	1	3	7	291	2068
flomics_2_36	1	3	5	276	1958
flomics_2_37	1	3	7	376	2287
flomics_2_38	1	2	5	274	2014
flomics_2_39	1	4	8	304	2165
flomics_2_40	1	1	2	27	539
flomics_2_41	1	1	2	30	485
flomics_2_42	1	2	4	155	1435
flomics_2_43	1	1	3	56	740
flomics_2_44	1	1	2	37	583
flomics_2_45	1	3	6	232	1803
flomics_2_46	1	2	4	192	1562
flomics_2_47	1	2	4	76	860
flomics_2_48	1	3	5	224	1757
flomics_2_49	1	1	2	34	554
flomics_2_50	1	2	3	88	1034
flomics_2_51	1	2	4	66	746
flomics_2_52	1	2	5	248	2142
giraldez_32	1	1	1	1	80
giraldez_33	1	1	1	590	4022
giraldez_34	1	1	1	1	116
giraldez_35	1	1	2	698	4090
giraldez_36	1	1	1	1	237
giraldez_37	1	1	1	440	3469
giraldez_38	1	1	1	1	257
giraldez_39	1	1	1	525	3702
giraldez_40	1	1	1	2	570
giraldez_41	1	1	2	666	4318
giraldez_42	1	1	1	1	251
giraldez_43	1	1	2	455	3788
giraldez_44	1	1	1	1	224
giraldez_45	1	2	3	399	3665
giraldez_46	1	1	1	1	315
giraldez_47	1	1	1	251	3012
giraldez_48	1	1	1	1	312
giraldez_49	1	1	3	699	4118
giraldez_50	1	1	1	2	382
giraldez_51	1	1	2	348	3470
giraldez_52	1	1	1	1	152
giraldez_53	1	1	3	722	4453
giraldez_54	1	1	1	1	2
giraldez_55	1	1	1	482	3669
giraldez_56	1	1	1	1	23
giraldez_57	1	1	1	232	2954
giraldez_58	1	1	1	1	45
giraldez_59	1	1	1	1	66
giraldez_60	1	1	1	1	12
giraldez_61	1	1	1	40	2283
giraldez_62	1	1	1	2	97
giraldez_63	1	1	1	13	1305
giraldez_64	1	1	1	2	6
giraldez_65	1	1	1	22	2025
giraldez_66	1	1	1	2	6
giraldez_67	1	1	1	7	1245
giraldez_68	1	1	1	2	9
giraldez_69	1	1	1	1	413
giraldez_70	1	1	1	2	3
giraldez_71	1	1	1	5	1060
giraldez_72	1	1	1	1	3
giraldez_73	1	1	1	223	2800
giraldez_74	1	1	1	1	4
giraldez_75	1	1	1	191	2710
ibarra_1	1	8	27	805	3241
ibarra_2	1	8	28	814	3263
ibarra_3	1	3	9	370	2251
ibarra_4	1	10	32	846	3338
ibarra_5	2	12	38	716	2757
ibarra_6	1	10	33	857	3335
ibarra_7	1	8	28	765	3071
ibarra_8	1	9	30	824	3298
ibarra_9	1	9	30	712	2953
ibarra_10	1	7	22	646	2823
ibarra_11	1	8	24	749	3150
ibarra_12	1	5	17	474	2355
ibarra_13	1	3	11	391	2353
ibarra_14	1	2	10	348	2206
ibarra_15	1	4	15	472	2327
ibarra_16	1	2	10	348	2213
ibarra_17	1	6	20	520	2580
ibarra_18	1	6	20	528	2433
ibarra_19	1	3	10	394	2109
ibarra_20	1	2	4	157	1274
ibarra_21	1	9	30	988	3534
ibarra_22	1	9	28	697	3060
ibarra_23	1	7	26	746	3154
ibarra_24	1	8	26	742	3211
ibarra_25	1	6	24	676	3032
ibarra_26	2	15	40	780	2965
ibarra_27	2	15	45	851	3152
ibarra_28	2	15	43	848	3131
ibarra_29	1	3	12	484	2765
ibarra_30	1	5	19	686	3147
ibarra_31	1	2	6	324	2111
ibarra_32	1	3	9	376	2108
ibarra_33	1	2	8	396	2331
ibarra_34	3	16	44	804	3058
ibarra_35	1	2	6	351	2302
ibarra_36	1	12	39	731	2782
ibarra_37	2	12	40	738	2791
ibarra_38	2	13	39	738	2819
ibarra_39	2	12	39	739	2813
ibarra_40	2	13	39	736	2859
ibarra_41	2	9	32	808	3001
ibarra_42	2	10	36	839	3088
ibarra_43	2	9	32	804	3001
ibarra_44	1	3	11	422	2324
ibarra_45	2	14	41	762	2895
ibarra_46	2	14	43	780	2916
ibarra_47	1	1	8	322	1829
ibarra_48	1	5	13	343	1888
ibarra_49	1	6	19	454	2426
ibarra_50	1	3	14	442	2300
ibarra_51	1	4	14	445	2334
ibarra_52	1	6	28	978	3454
ibarra_53	1	8	37	1081	3672
ibarra_54	1	3	12	323	1609
ibarra_55	1	7	26	944	3427
ibarra_56	1	2	10	627	2740
ibarra_57	1	6	20	651	2577
ibarra_58	1	1	2	368	1992
ibarra_59	1	1	1	103	1216
ibarra_60	1	1	2	171	1627
ibarra_61	1	1	2	282	1996
ibarra_62	1	6	25	936	3463
ibarra_63	1	4	14	449	2388
ibarra_64	1	5	15	509	2790
ibarra_65	1	3	6	332	2446
ibarra_66	1	2	6	535	2689
ibarra_67	1	3	9	437	2399
ibarra_68	1	5	16	534	2772
ibarra_69	1	2	9	377	2649
ibarra_70	1	2	8	357	2124
ibarra_71	1	3	9	436	2563
ibarra_72	1	8	31	1013	3591
ibarra_73	1	3	13	592	2826
ibarra_74	1	8	31	838	3291
ibarra_75	1	8	32	856	3296
ibarra_76	1	9	31	827	3255
ibarra_77	1	8	30	852	3304
ibarra_78	1	7	27	793	3199
ibarra_79	1	3	9	568	2815
ibarra_80	1	3	13	615	2881
ibarra_81	1	4	20	875	3285
ibarra_82	1	7	29	824	3259
ibarra_83	1	3	15	431	2367
ibarra_84	1	3	15	453	2412
ibarra_85	1	4	17	526	2651
ibarra_86	1	3	7	350	2276
ibarra_87	1	4	16	526	2620
ibarra_88	1	2	4	313	2104
ibarra_89	1	2	11	456	2566
ibarra_90	1	4	14	451	2497
ibarra_91	1	1	2	603	2961
ibarra_92	1	2	8	309	2095
ibarra_93	1	8	29	975	3523
ibarra_94	2	13	36	696	2821
ibarra_95	1	2	7	414	2371
ibarra_96	1	7	23	674	2943
ibarra_97	1	9	31	835	3380
ibarra_98	1	10	31	756	3066
ibarra_99	1	9	28	740	3090
ibarra_100	1	10	31	878	3392
ibarra_101	1	8	26	663	2998
ibarra_102	1	3	17	701	3102
ibarra_103	1	4	17	685	3050
ibarra_104	2	10	30	824	3330
ibarra_105	1	4	18	696	3087
ibarra_106	1	3	14	734	3051
ibarra_107	1	5	22	872	3353
ibarra_108	1	2	8	399	2256
ibarra_109	1	2	10	727	3042
ibarra_110	1	5	20	723	2909
ibarra_111	1	2	3	589	2876
ibarra_112	1	5	11	610	2982
ibarra_113	1	3	11	462	2611
ibarra_114	1	2	10	393	2250
ibarra_115	2	12	38	771	2988
ibarra_116	1	5	16	446	2362
ibarra_117	1	1	2	404	2550
ibarra_118	1	2	4	352	2227
ibarra_119	1	5	11	602	2889
ibarra_120	1	2	3	426	2472
ibarra_121	1	2	7	475	2546
ibarra_122	1	2	3	594	2925
ibarra_123	1	3	9	472	2483
ibarra_124	1	5	15	586	2325
ibarra_125	1	3	6	502	2619
ibarra_126	1	3	8	537	2701
ibarra_127	2	9	32	791	2948
ibarra_128	1	8	22	534	2417
ibarra_129	2	10	36	832	3054
ibarra_130	1	4	18	750	2842
ibarra_131	1	3	9	668	2926
ibarra_132	1	3	12	833	3321
ibarra_133	1	2	7	277	1833
ibarra_134	1	3	14	853	3296
ibarra_135	1	2	9	284	1798
ibarra_136	1	3	6	641	2973
ibarra_137	1	6	29	836	3021
ibarra_138	1	4	18	848	3213
ibarra_139	1	3	11	758	3110
ibarra_140	1	3	10	542	2446
ibarra_141	1	4	10	484	2511
ibarra_142	1	2	7	397	2243
ibarra_143	1	4	11	588	2963
ibarra_144	1	4	14	527	2764
ibarra_145	1	3	13	524	2744
ibarra_146	1	3	7	328	2168
ibarra_147	2	7	19	526	2432
ibarra_148	1	1	2	464	2671
ibarra_149	1	4	11	562	2696
ibarra_150	1	3	10	421	2387
ibarra_151	1	3	13	663	2917
ibarra_152	1	2	7	561	2685
ibarra_153	1	6	17	796	3306
ibarra_154	1	7	27	957	3557
ibarra_155	1	5	14	794	3219
ibarra_156	1	4	11	579	2847
ibarra_157	1	5	19	833	3324
ibarra_158	1	2	5	537	2683
ibarra_159	1	8	20	857	3430
ibarra_160	1	4	11	587	2912
ibarra_161	2	15	51	899	3290
ibarra_162	2	13	37	731	2871
ibarra_163	2	14	42	802	2987
ibarra_164	1	2	5	449	2525
ibarra_165	2	20	60	1142	3645
ibarra_166	1	14	50	1032	3443
ibarra_167	1	9	33	788	2891
ibarra_168	2	12	40	978	3251
ibarra_169	1	10	36	827	2996
ibarra_170	1	12	41	951	3171
ibarra_171	3	22	61	1004	3192
ibarra_172	3	23	61	1050	3407
ibarra_173	2	23	64	1124	3583
ibarra_174	1	4	15	553	2750
ibarra_175	3	21	61	1118	3556
ibarra_176	1	5	21	771	3297
ibarra_177	1	4	17	698	3115
ibarra_178	1	10	34	876	3386
ibarra_179	1	3	6	344	2409
ibarra_180	1	3	7	385	2145
ibarra_181	1	3	10	493	2858
ibarra_182	2	12	37	772	2976
ibarra_183	1	6	19	652	3074
ibarra_184	1	2	5	497	2669
ibarra_185	1	5	18	679	3080
ibarra_186	1	3	7	455	2703
ibarra_187	1	1	2	432	2449
ibarra_188	1	2	5	307	2136
ibarra_189	1	5	19	510	2581
ibarra_190	1	2	6	562	2836
ibarra_191	1	2	5	521	2544
ibarra_192	1	2	5	340	2152
ibarra_193	1	2	5	554	2742
ibarra_194	1	2	6	517	2579
ibarra_195	1	6	22	590	2729
ibarra_196	1	3	11	726	3202
ibarra_197	1	2	6	327	2148
ibarra_198	2	9	35	830	3102
ibarra_199	2	15	47	936	3214
ibarra_200	1	2	8	598	2904
ibarra_201	1	4	17	874	3319
ibarra_202	1	1	1	47	615
ibarra_203	1	5	15	742	3138
ibarra_204	1	6	18	787	3286
ibarra_205	1	6	20	847	3262
ibarra_206	1	5	20	847	3255
ibarra_207	1	6	20	840	3357
ibarra_208	1	5	20	823	3108
ibarra_209	1	5	18	773	3027
ibarra_210	1	5	15	727	2940
ibarra_211	1	6	16	731	3006
ibarra_212	1	6	14	536	2027
ibarra_213	1	5	20	547	2555
ibarra_214	1	5	13	677	3102
ibarra_215	1	1	3	486	2535
ibarra_216	1	1	2	301	2236
ibarra_217	1	2	6	566	2593
ibarra_218	1	6	17	773	3196
ibarra_219	1	4	15	446	2311
ibarra_220	1	6	16	492	2550
ibarra_221	1	5	16	515	2651
ibarra_222	1	2	10	379	2198
ibarra_223	1	4	13	475	2427
ibarra_224	1	5	17	521	2481
ibarra_225	1	5	18	539	2512
ibarra_226	1	7	21	502	2420
ibarra_227	1	5	18	819	3172
ibarra_228	1	1	2	329	2260
ibarra_229	1	1	2	405	2547
ibarra_230	1	1	2	219	1833
ibarra_231	1	3	11	564	2584
ibarra_232	1	1	2	101	1163
ibarra_233	1	2	3	395	2326
ibarra_234	1	5	17	530	2665
ibarra_235	1	4	17	530	2613
ibarra_236	1	4	13	443	2357
ibarra_237	1	4	15	633	2807
ibarra_238	1	2	6	582	2860
ibarra_239	1	2	6	613	2903
ibarra_240	1	3	8	642	2861
ibarra_241	1	2	4	530	2763
ibarra_242	1	2	5	627	2969
ibarra_243	2	11	36	839	3068
ibarra_244	2	10	34	830	3111
ibarra_245	1	2	6	323	2064
ibarra_246	1	4	14	732	2942
ibarra_247	2	8	24	697	2799
ibarra_248	1	1	3	527	2706
ibarra_249	1	1	3	606	2921
ibarra_250	1	2	4	595	2714
ibarra_251	1	2	4	610	2838
ibarra_252	1	2	4	522	2717
ibarra_253	1	3	9	473	2372
ibarra_254	1	3	9	512	2784
ibarra_255	1	3	13	507	2469
ibarra_256	1	3	10	449	2202
ibarra_257	1	4	18	494	2440
ibarra_258	1	3	9	395	2117
ibarra_259	1	2	9	323	2129
ibarra_260	1	1	3	424	2401
ibarra_261	1	2	7	331	1971
ibarra_262	1	5	18	469	2330
ibarra_263	1	2	7	330	1971
ibarra_264	1	5	19	529	2551
ibarra_265	1	8	25	573	2627
ibarra_266	1	3	11	391	2349
ibarra_267	1	6	21	493	2518
ibarra_268	1	2	9	325	2144
ibarra_269	1	2	10	382	2206
ibarra_270	1	2	10	380	2210
ibarra_271	1	7	24	684	3097
ibarra_272	1	8	25	707	3094
ibarra_273	1	10	30	733	3168
ibarra_274	1	9	28	742	3141
ibarra_275	2	9	21	560	2450
ibarra_276	2	12	35	769	2940
ibarra_277	2	17	50	855	3087
ibarra_278	1	5	9	140	1016
ibarra_279	1	9	29	793	3302
ibarra_280	1	9	29	798	3334
ibarra_281	1	5	13	653	2998
ibarra_282	1	9	31	817	3249
ibarra_283	1	3	15	418	2448
ibarra_284	1	4	15	421	2465
ibarra_285	1	4	15	421	2456
moufarrej_1	1	1	2	18	329
moufarrej_2	1	1	2	15	295
moufarrej_3	1	1	1	11	222
moufarrej_4	1	2	3	102	1360
moufarrej_5	1	1	2	29	599
moufarrej_6	1	2	4	197	1897
moufarrej_7	1	1	3	41	521
moufarrej_8	1	1	2	23	414
moufarrej_9	1	2	4	167	1786
moufarrej_10	1	1	2	24	486
moufarrej_11	1	1	2	66	1170
moufarrej_12	1	1	2	72	1302
moufarrej_13	1	1	3	135	1688
moufarrej_14	1	1	3	120	1447
moufarrej_15	1	1	3	55	879
moufarrej_16	1	1	2	22	696
moufarrej_17	1	1	2	93	1294
moufarrej_18	1	2	4	116	1324
moufarrej_19	1	1	2	17	355
moufarrej_20	1	1	2	22	383
moufarrej_21	1	3	8	227	1477
moufarrej_22	1	2	6	272	1686
moufarrej_23	1	3	8	187	1370
moufarrej_24	1	2	5	161	1272
moufarrej_25	1	4	11	400	2467
moufarrej_26	1	3	8	321	2098
moufarrej_27	1	3	9	357	2385
moufarrej_28	1	4	10	373	2456
moufarrej_29	1	2	5	174	1353
moufarrej_30	1	5	13	402	2482
moufarrej_31	1	3	7	380	2671
moufarrej_32	1	4	12	459	2498
moufarrej_33	1	6	19	647	2584
moufarrej_34	1	1	2	36	633
moufarrej_35	1	3	8	340	1993
moufarrej_36	1	3	7	347	2222
moufarrej_37	1	3	7	244	1806
moufarrej_38	1	4	11	483	2239
moufarrej_39	1	3	8	334	2163
moufarrej_40	1	2	6	212	1605
moufarrej_41	1	3	8	271	1926
moufarrej_42	1	3	9	465	2599
moufarrej_43	1	4	11	372	2253
moufarrej_44	1	1	4	265	2041
moufarrej_45	1	1	3	95	1212
moufarrej_46	1	3	8	333	2373
moufarrej_47	1	3	8	295	2165
moufarrej_48	1	2	7	389	2542
moufarrej_49	1	3	7	197	1597
moufarrej_50	1	2	5	158	1377
moufarrej_51	1	3	8	476	2773
moufarrej_52	1	3	10	402	2660
moufarrej_53	1	2	5	148	1256
moufarrej_54	1	5	16	645	3097
moufarrej_55	1	3	7	372	2431
moufarrej_56	1	2	4	218	2114
moufarrej_57	1	4	11	396	2390
moufarrej_58	1	2	6	235	1952
moufarrej_59	1	1	3	136	1647
moufarrej_60	1	1	3	293	1930
moufarrej_61	1	2	3	214	1681
moufarrej_62	1	3	5	208	1808
moufarrej_63	1	1	2	53	861
moufarrej_64	1	2	4	191	1818
moufarrej_65	1	2	3	124	1463
moufarrej_66	1	1	2	63	1121
moufarrej_67	1	1	2	17	490
moufarrej_68	1	2	4	183	1893
moufarrej_69	1	1	2	111	1674
moufarrej_70	1	1	3	95	1202
moufarrej_71	1	1	2	51	906
moufarrej_72	2	9	26	916	3436
moufarrej_73	1	2	4	180	1692
moufarrej_74	1	1	3	44	635
moufarrej_75	1	1	3	79	1146
moufarrej_76	1	1	2	20	399
moufarrej_77	1	1	2	23	476
moufarrej_78	1	2	3	90	1097
moufarrej_79	1	4	8	240	1748
moufarrej_80	1	2	5	188	1715
moufarrej_81	1	1	2	43	638
moufarrej_82	1	2	5	142	1392
moufarrej_83	1	2	3	63	848
moufarrej_84	1	1	3	58	803
moufarrej_85	1	1	2	49	709
moufarrej_86	1	2	5	252	1909
moufarrej_87	1	7	21	805	3306
moufarrej_88	1	1	1	18	396
moufarrej_89	1	2	3	250	1877
moufarrej_90	1	2	4	240	1919
moufarrej_91	1	1	2	155	1550
moufarrej_92	1	3	7	235	1461
moufarrej_93	1	3	6	199	1423
moufarrej_94	1	4	11	381	1962
moufarrej_95	1	2	3	266	2050
moufarrej_96	1	3	9	342	1901
moufarrej_97	1	4	10	664	3096
moufarrej_98	1	2	4	124	1424
moufarrej_99	1	2	3	110	1359
moufarrej_100	1	2	4	194	1656
moufarrej_101	1	1	3	90	1181
moufarrej_102	1	1	2	18	517
moufarrej_103	1	1	3	75	1115
moufarrej_104	1	1	2	94	1311
moufarrej_105	1	1	2	18	342
moufarrej_106	1	2	3	87	1071
moufarrej_107	1	1	2	41	552
moufarrej_108	1	1	3	85	1113
moufarrej_109	1	1	2	37	731
moufarrej_110	1	2	4	130	1350
moufarrej_111	1	2	4	128	1418
moufarrej_112	1	3	5	237	1976
moufarrej_113	1	1	2	23	403
moufarrej_114	1	1	2	26	389
moufarrej_115	1	2	4	117	1267
moufarrej_116	1	2	4	123	1298
moufarrej_117	1	2	4	111	1214
moufarrej_118	1	2	5	131	1331
moufarrej_119	1	1	2	27	415
moufarrej_120	1	2	3	64	1096
moufarrej_121	1	1	3	38	479
moufarrej_122	1	4	9	213	1316
moufarrej_123	1	2	6	226	1505
moufarrej_124	1	2	5	129	969
moufarrej_125	1	2	5	153	1242
moufarrej_126	1	2	4	154	1187
moufarrej_127	1	3	6	145	990
moufarrej_128	1	2	5	270	1734
moufarrej_129	1	2	6	193	1176
moufarrej_130	1	3	7	175	1379
moufarrej_131	1	2	4	151	1257
moufarrej_132	1	1	3	62	898
moufarrej_133	1	2	4	70	866
moufarrej_134	1	2	5	102	964
moufarrej_135	1	2	5	139	1246
moufarrej_136	1	3	6	136	1053
moufarrej_137	1	2	4	96	1000
moufarrej_138	1	2	5	133	917
moufarrej_139	1	3	5	148	1158
moufarrej_140	1	3	5	223	1632
moufarrej_141	1	3	7	202	1442
moufarrej_142	1	3	6	153	1131
moufarrej_143	1	1	2	64	934
moufarrej_144	1	3	8	257	1450
moufarrej_145	1	4	11	335	1981
moufarrej_146	1	4	12	488	2573
moufarrej_147	1	1	2	18	325
moufarrej_148	1	8	22	651	2582
moufarrej_149	1	3	8	286	2022
moufarrej_150	1	3	7	386	2294
moufarrej_151	1	3	7	254	1666
moufarrej_152	1	3	7	228	1232
moufarrej_153	1	5	11	361	2426
moufarrej_154	1	5	11	292	1996
moufarrej_155	1	3	8	276	1748
moufarrej_156	1	4	9	209	1522
moufarrej_157	1	4	8	190	1126
moufarrej_158	1	2	4	135	1568
moufarrej_159	1	2	4	178	1455
moufarrej_160	1	2	4	135	995
moufarrej_161	1	2	5	265	1706
moufarrej_162	1	2	4	93	876
moufarrej_163	1	3	6	156	1129
moufarrej_164	1	2	5	162	1402
moufarrej_165	1	2	5	152	1377
moufarrej_166	1	3	7	176	1413
moufarrej_167	1	3	5	329	1770
moufarrej_168	1	3	6	206	1464
moufarrej_169	1	3	5	223	1803
moufarrej_170	1	2	5	226	1986
moufarrej_171	1	2	4	133	1371
moufarrej_172	1	2	3	158	1695
moufarrej_173	1	2	4	124	1242
moufarrej_174	1	2	5	229	1775
moufarrej_175	1	2	5	155	1495
moufarrej_176	1	1	2	29	409
moufarrej_177	1	2	4	102	1155
moufarrej_178	1	1	2	65	1102
moufarrej_179	1	3	7	234	1948
moufarrej_180	1	2	3	80	1018
moufarrej_181	1	3	7	217	1759
moufarrej_182	1	2	4	173	1549
moufarrej_183	1	5	15	803	3224
moufarrej_184	1	2	4	107	1349
moufarrej_185	1	2	3	65	985
moufarrej_186	1	1	2	38	982
moufarrej_187	1	2	3	54	743
moufarrej_188	1	1	2	25	580
moufarrej_189	1	1	2	38	817
moufarrej_190	1	1	3	56	924
moufarrej_191	1	1	2	47	942
moufarrej_192	1	1	2	46	861
moufarrej_193	1	1	2	46	849
moufarrej_194	1	1	2	39	901
moufarrej_195	1	2	3	54	669
moufarrej_196	1	1	3	39	493
moufarrej_197	1	1	2	71	1214
moufarrej_198	1	1	2	26	392
moufarrej_199	1	1	2	35	459
moufarrej_200	1	2	4	156	1631
moufarrej_201	1	1	2	23	414
moufarrej_202	1	2	4	124	1243
moufarrej_203	1	3	6	424	2569
moufarrej_204	1	1	2	54	1050
moufarrej_205	1	1	2	36	571
moufarrej_206	1	1	3	275	2081
moufarrej_207	1	1	2	23	669
moufarrej_208	1	1	2	46	892
moufarrej_209	1	1	2	75	1195
moufarrej_210	1	2	3	204	1851
moufarrej_211	1	1	2	23	387
moufarrej_212	1	1	2	17	290
moufarrej_213	1	2	4	144	1617
moufarrej_214	1	1	2	34	507
moufarrej_215	1	1	2	20	322
moufarrej_216	1	1	2	20	540
moufarrej_217	1	1	4	262	1651
moufarrej_218	1	2	4	158	1465
moufarrej_219	1	2	6	184	1604
moufarrej_220	1	3	6	194	1494
moufarrej_221	1	3	7	274	1973
moufarrej_222	1	7	23	726	2888
moufarrej_223	1	2	4	144	1098
moufarrej_224	1	3	9	472	2257
moufarrej_225	1	1	4	422	2386
moufarrej_226	1	1	2	36	859
moufarrej_227	1	3	5	232	1984
moufarrej_228	1	7	25	837	3232
moufarrej_229	1	3	6	268	2052
moufarrej_230	1	3	7	225	1741
moufarrej_231	1	3	8	315	2126
moufarrej_232	1	4	9	337	2391
moufarrej_233	1	6	13	430	2277
moufarrej_234	1	3	6	189	1334
moufarrej_235	1	3	8	199	1459
moufarrej_236	1	3	7	173	1228
moufarrej_237	1	1	3	87	1113
moufarrej_238	1	2	3	115	1187
moufarrej_239	1	2	5	150	952
moufarrej_240	1	3	6	195	1474
moufarrej_241	1	1	2	34	665
moufarrej_242	1	1	2	35	500
moufarrej_243	1	1	3	56	1045
moufarrej_244	1	1	1	12	286
moufarrej_245	1	1	2	17	417
moufarrej_246	1	1	1	11	198
moufarrej_247	1	1	2	20	326
moufarrej_248	1	2	4	164	1671
moufarrej_249	1	1	2	31	571
moufarrej_250	1	1	2	24	413
moufarrej_251	1	1	2	14	328
moufarrej_252	1	1	2	20	396
moufarrej_253	1	1	2	20	400
moufarrej_254	1	1	2	27	391
moufarrej_255	1	1	3	74	964
moufarrej_256	1	1	2	32	533
moufarrej_257	1	1	2	33	437
moufarrej_258	1	2	5	242	2072
moufarrej_259	1	2	3	89	1331
moufarrej_260	1	1	1	12	275
moufarrej_261	1	1	2	62	1211
moufarrej_262	1	1	2	88	1444
moufarrej_263	1	2	5	296	2320
moufarrej_264	1	1	2	48	762
moufarrej_265	1	1	2	17	393
moufarrej_266	1	1	3	100	1353
moufarrej_267	1	1	2	25	602
moufarrej_268	1	2	4	378	2402
moufarrej_269	1	1	2	54	882
moufarrej_270	1	2	4	149	1257
moufarrej_271	1	1	2	28	569
moufarrej_272	1	2	4	145	1673
moufarrej_273	1	2	3	45	678
moufarrej_274	1	2	3	69	970
moufarrej_275	1	1	2	52	1220
moufarrej_276	1	1	3	164	1815
moufarrej_277	1	1	2	54	1272
moufarrej_278	1	1	2	21	369
moufarrej_279	1	1	2	17	454
moufarrej_280	1	1	2	25	426
moufarrej_281	1	2	3	84	1110
moufarrej_282	1	1	3	58	969
moufarrej_283	1	1	3	47	797
moufarrej_284	1	1	2	27	563
moufarrej_285	1	1	1	15	441
moufarrej_286	1	1	2	37	736
moufarrej_287	1	1	1	10	193
moufarrej_288	1	1	2	126	1576
moufarrej_289	1	2	5	166	1346
moufarrej_290	1	2	4	76	950
moufarrej_291	1	3	7	177	1342
moufarrej_292	1	2	4	191	1655
moufarrej_293	1	2	6	185	1384
moufarrej_294	1	2	5	160	1256
moufarrej_295	1	3	6	139	1339
moufarrej_296	1	1	3	167	1497
moufarrej_297	1	2	4	147	1198
moufarrej_298	1	5	13	523	2891
moufarrej_299	1	2	7	391	2366
moufarrej_300	1	5	12	494	2889
moufarrej_301	1	1	3	46	593
moufarrej_302	1	1	3	68	1085
moufarrej_303	1	8	26	967	3649
moufarrej_304	1	4	8	343	2247
moufarrej_305	1	3	8	289	2012
moufarrej_306	1	3	9	256	1763
moufarrej_307	1	2	4	101	1138
moufarrej_308	1	1	2	179	1715
moufarrej_309	1	6	14	656	2994
moufarrej_310	1	2	5	244	1825
moufarrej_311	1	2	4	233	1733
moufarrej_312	1	2	5	353	1992
moufarrej_313	1	2	3	52	674
moufarrej_314	1	2	4	129	1372
moufarrej_315	1	2	4	176	1708
moufarrej_316	1	3	7	202	1457
moufarrej_317	1	3	6	160	1193
moufarrej_318	1	3	7	158	1111
moufarrej_319	1	2	4	178	1434
moufarrej_320	1	1	3	213	1766
moufarrej_321	1	3	6	197	1548
moufarrej_322	1	4	9	249	1741
moufarrej_323	1	2	4	114	952
moufarrej_324	1	1	3	45	645
moufarrej_325	1	2	6	159	1293
moufarrej_326	1	3	6	137	991
moufarrej_327	1	3	9	352	2317
moufarrej_328	1	2	4	116	1243
moufarrej_329	1	3	6	200	1703
moufarrej_330	1	6	15	613	2800
moufarrej_331	1	3	6	169	1344
moufarrej_332	1	3	8	169	1401
moufarrej_333	1	2	4	110	1036
moufarrej_334	1	4	9	292	1985
moufarrej_335	1	1	2	33	499
moufarrej_336	1	3	8	267	1862
moufarrej_337	1	1	2	26	702
moufarrej_338	1	2	5	134	1488
moufarrej_339	1	2	3	51	807
moufarrej_340	1	2	3	62	994
moufarrej_341	1	3	6	206	1694
moufarrej_342	1	3	6	240	1826
moufarrej_343	1	4	9	306	1786
moufarrej_344	1	2	4	153	1499
moufarrej_345	1	2	4	127	1355
moufarrej_346	1	3	6	172	1520
moufarrej_347	1	1	3	103	1231
moufarrej_348	1	3	6	168	1564
moufarrej_349	1	2	4	102	1185
moufarrej_350	1	4	9	303	1967
moufarrej_351	1	3	6	233	1842
moufarrej_352	1	2	3	70	955
moufarrej_353	1	1	2	63	916
moufarrej_354	1	2	5	203	1516
moufarrej_355	1	2	3	63	837
moufarrej_356	1	2	4	159	1538
moufarrej_357	1	2	3	82	1056
moufarrej_358	1	1	3	113	1480
moufarrej_359	1	2	4	163	1492
moufarrej_360	1	3	6	183	1527
moufarrej_361	1	2	4	170	1664
moufarrej_362	1	2	4	161	1514
moufarrej_363	1	2	4	138	1425
moufarrej_364	1	2	3	91	1188
moufarrej_365	1	2	4	78	959
moufarrej_366	1	2	3	124	1404
moufarrej_367	1	1	2	70	969
moufarrej_368	1	4	8	243	1598
moufarrej_369	1	1	3	56	950
moufarrej_370	1	2	3	121	1427
moufarrej_371	1	2	4	148	1704
moufarrej_372	1	3	6	200	1733
moufarrej_373	1	2	4	190	1722
moufarrej_374	1	1	3	121	1592
moufarrej_375	1	3	7	184	1510
moufarrej_376	1	3	6	219	1745
moufarrej_377	1	2	5	163	1706
moufarrej_378	1	1	3	90	1193
moufarrej_379	1	1	3	78	1159
moufarrej_380	1	1	3	103	1408
moufarrej_381	1	2	4	113	1243
moufarrej_382	1	1	3	90	1152
moufarrej_383	1	1	2	57	952
moufarrej_384	1	4	9	264	1587
moufarrej_385	1	2	5	307	2208
moufarrej_386	1	3	7	248	1792
moufarrej_387	1	3	6	239	1826
moufarrej_388	1	3	7	244	1901
moufarrej_389	1	2	6	334	2184
moufarrej_390	1	3	6	191	1483
moufarrej_391	1	2	4	165	1622
moufarrej_392	1	3	5	176	1468
moufarrej_393	1	2	5	182	1500
moufarrej_394	1	1	2	71	1370
moufarrej_395	1	2	3	110	1256
moufarrej_396	1	2	4	151	1536
moufarrej_397	1	2	3	104	1423
moufarrej_398	1	5	12	375	2293
moufarrej_399	1	2	5	242	1775
moufarrej_400	1	1	2	19	323
moufarrej_401	1	2	4	103	1267
moufarrej_402	1	1	2	33	512
moufarrej_403	1	2	3	121	1464
moufarrej_404	1	1	2	30	624
ngo_1	1	1	1	7	790
ngo_2	1	1	1	4	16
ngo_3	1	1	1	2	214
ngo_4	1	1	1	1	7
ngo_5	1	1	1	1	16
ngo_6	1	1	1	6	52
ngo_7	1	1	1	3	9
ngo_8	1	1	1	7	116
ngo_9	1	1	1	11	673
ngo_10	1	1	1	2	10
ngo_11	1	1	1	3	15
ngo_12	1	1	1	4	229
ngo_13	1	1	1	1	6
ngo_14	1	1	1	1	117
ngo_15	1	1	1	1	13
reggiardo_1	1	1	2	76	1006
reggiardo_2	1	2	3	103	1327
reggiardo_3	1	1	1	32	595
reggiardo_4	1	1	1	19	469
reggiardo_5	1	1	1	6	507
reggiardo_6	1	1	1	13	259
reggiardo_7	1	1	1	13	181
reggiardo_8	1	1	1	10	359
reggiardo_9	1	1	3	79	986
reggiardo_10	1	1	1	32	523
reggiardo_11	1	1	1	53	814
reggiardo_12	1	2	4	235	1627
reggiardo_13	1	2	4	184	1352
reggiardo_14	1	1	1	18	439
reggiardo_15	1	1	2	100	1049
reggiardo_16	1	1	1	31	562
reggiardo_17	1	2	3	128	1122
reggiardo_18	1	1	1	13	239
reggiardo_19	1	1	3	162	1337
reggiardo_20	1	1	1	9	109
reggiardo_21	1	1	1	18	513
reggiardo_22	1	1	2	151	1313
reggiardo_23	1	1	1	47	863
reggiardo_24	1	1	2	89	1032
reggiardo_25	1	1	2	96	1041
reggiardo_26	1	1	1	48	787
reggiardo_27	1	1	3	194	1394
reggiardo_28	1	2	4	275	1798
reggiardo_29	1	1	1	75	1015
reggiardo_30	1	2	3	99	737
reggiardo_31	1	1	1	23	505
reggiardo_32	1	1	1	14	317
roskams_1	1	1	2	41	735
roskams_2	1	4	9	354	2298
roskams_3	1	1	2	144	1643
roskams_4	1	4	8	285	2086
roskams_5	1	1	2	255	2153
roskams_6	1	3	7	160	1305
roskams_7	1	1	3	184	1685
roskams_8	1	2	4	194	1713
roskams_9	1	2	4	234	1988
roskams_10	1	2	3	96	1073
roskams_11	1	2	3	101	1063
roskams_12	1	2	5	264	2047
roskams_13	1	4	10	446	2663
roskams_14	1	2	4	137	1371
roskams_15	1	3	8	373	2438
roskams_16	1	2	3	182	1699
roskams_17	1	2	5	202	1655
roskams_18	1	2	6	207	1576
roskams_19	1	3	5	302	2286
roskams_20	1	1	2	38	831
roskams_21	1	1	2	46	701
roskams_22	1	3	9	339	2350
roskams_23	1	3	8	313	2191
roskams_24	1	2	5	237	1963
roskams_25	1	2	6	267	2078
roskams_26	1	1	2	101	1279
roskams_27	1	2	4	122	1157
roskams_28	1	4	9	368	2028
roskams_29	1	5	14	495	2645
roskams_30	1	2	4	68	675
roskams_31	1	3	7	303	2074
roskams_32	1	3	7	355	2280
roskams_33	1	2	4	98	1286
roskams_34	1	2	3	98	1004
roskams_35	1	3	7	345	2221
roskams_36	1	1	2	35	698
roskams_37	1	2	3	156	1654
roskams_38	1	2	4	72	764
roskams_39	1	1	2	85	1261
roskams_40	1	1	2	73	911
roskams_41	1	3	7	304	2180
roskams_42	1	1	2	101	1344
roskams_43	1	5	11	354	2415
roskams_44	1	4	8	330	2280
roskams_45	1	2	4	125	1146
roskams_46	1	2	3	138	1483
roskams_47	1	2	4	220	1934
roskams_48	1	1	2	57	992
roskams_49	1	2	4	139	1416
roskams_50	1	3	12	466	2576
roskams_51	1	3	8	302	2174
roskams_52	1	1	2	38	487
roskams_53	1	1	2	48	1160
roskams_54	1	2	4	274	2116
roskams_55	1	1	2	86	1280
roskams_56	1	1	2	21	359
roskams_57	1	2	4	235	2006
roskams_58	1	2	5	318	2001
roskams_59	1	2	3	73	904
roskams_60	1	2	4	212	1731
roskams_61	1	1	2	65	1079
roskams_62	1	1	3	62	924
roskams_63	1	2	5	215	1686
roskams_64	1	1	2	49	805
roskams_65	1	1	3	60	821
roskams_66	1	2	4	196	1650
roskams_67	1	4	8	356	2342
roskams_68	1	1	2	66	1009
roskams_69	1	4	9	434	2472
roskams_70	1	1	3	126	1422
roskams_71	1	2	3	82	1030
roskams_72	1	1	3	48	763
roskams_73	1	2	5	313	2227
roskams_74	1	2	4	111	1347
roskams_75	1	1	1	11	560
roskams_76	1	1	2	111	1428
roskams_77	1	1	2	35	652
roskams_78	1	1	1	32	852
roskams_79	1	1	2	20	450
roskams_80	1	1	2	81	1226
roskams_81	1	1	2	66	880
roskams_82	1	2	5	277	2039
roskams_83	1	1	2	30	836
roskams_84	1	1	2	22	511
roskams_85	1	1	2	108	1414
roskams_86	1	2	4	159	1416
roskams_87	1	1	2	44	760
roskams_88	1	1	2	26	388
roskams_89	1	2	4	146	1432
roskams_90	1	2	3	53	689
rozowsky_1	1	5	21	929	3799
rozowsky_2	1	2	5	617	3156
rozowsky_3	2	16	56	1349	4313
rozowsky_4	1	6	17	1013	4077
rozowsky_5	1	7	27	941	3688
rozowsky_6	2	8	29	1197	4485
rozowsky_7	1	5	16	776	3230
rozowsky_8	1	6	19	801	3512
rozowsky_9	1	2	7	650	3286
rozowsky_10	2	13	47	1386	4510
rozowsky_11	1	2	3	293	2644
rozowsky_12	1	1	2	1038	4076
rozowsky_13	1	1	3	1050	4052
rozowsky_14	1	3	12	821	3486
rozowsky_15	1	6	25	1072	4124
rozowsky_16	1	7	27	1052	3896
rozowsky_17	1	5	24	1019	3893
rozowsky_18	1	5	18	1145	4070
rozowsky_19	1	3	10	974	3973
rozowsky_20	1	4	14	1013	4070
rozowsky_21	2	17	55	1359	4376
rozowsky_22	1	16	75	1787	5358
rozowsky_23	1	16	76	1795	5359
rozowsky_24	1	2	7	842	3801
rozowsky_25	1	4	14	1017	4140
rozowsky_26	1	1	1	190	2199
rozowsky_27	1	4	13	1035	3670
rozowsky_28	1	5	28	1267	4365
rozowsky_29	1	4	15	1003	3911
rozowsky_30	1	13	45	1290	4548
rozowsky_31	1	1	1	189	2165
rozowsky_32	1	13	53	1346	4553
rozowsky_33	1	6	20	899	3670
rozowsky_34	1	7	20	901	3696
rozowsky_35	1	2	12	1304	4553
rozowsky_36	2	8	29	1132	4097
rozowsky_37	1	1	1	262	2512
rozowsky_38	1	4	12	905	3792
rozowsky_39	1	2	4	1006	4088
rozowsky_40	1	2	8	736	3390
rozowsky_41	1	4	13	804	3661
rozowsky_42	1	3	9	777	3445
rozowsky_43	2	13	57	1570	4964
rozowsky_44	1	2	3	286	2641
rozowsky_45	2	7	17	829	3510
rozowsky_46	1	1	2	387	2737
rozowsky_47	1	3	12	792	3498
rozowsky_48	1	1	1	812	3590
rozowsky_49	1	1	1	723	3518
rozowsky_50	1	3	15	1018	3889
rozowsky_51	1	4	13	872	3680
rozowsky_52	1	2	3	433	2944
rozowsky_53	1	2	4	531	3075
rozowsky_54	1	2	8	934	3761
rozowsky_55	1	6	18	827	3550
rozowsky_56	1	8	32	1137	4188
rozowsky_57	1	1	1	70	1482
rozowsky_58	1	3	7	820	3905
rozowsky_59	1	5	14	806	3487
rozowsky_60	1	1	2	546	3045
rozowsky_61	1	1	1	933	4056
rozowsky_62	1	1	1	951	4066
rozowsky_63	1	3	17	1173	4318
rozowsky_64	1	5	16	801	3446
rozowsky_65	1	5	17	726	3289
rozowsky_66	1	8	25	1013	3981
rozowsky_67	1	2	5	558	3108
rozowsky_68	1	2	8	988	3658
rozowsky_69	2	8	27	915	3631
rozowsky_70	1	3	8	697	3295
rozowsky_71	1	5	17	983	3810
rozowsky_72	1	4	12	839	3691
rozowsky_73	1	3	18	1139	4154
rozowsky_74	1	4	17	958	3753
rozowsky_75	1	3	7	709	3497
rozowsky_76	1	3	12	687	3391
rozowsky_77	1	5	17	1223	4323
rozowsky_78	1	6	21	857	3808
rozowsky_79	1	1	1	41	1428
rozowsky_80	1	1	1	37	1388
rozowsky_81	1	3	19	1036	3628
rozowsky_82	1	3	9	760	3503
rozowsky_83	1	8	27	1065	4083
rozowsky_84	2	11	39	1257	4398
rozowsky_85	1	5	16	930	3801
rozowsky_86	2	16	54	1398	4461
rozowsky_87	1	6	29	1231	4373
rozowsky_88	2	8	31	1144	4183
rozowsky_89	1	1	1	160	1954
rozowsky_90	1	3	9	822	3606
rozowsky_91	1	21	77	1682	5134
rozowsky_92	1	21	78	1694	5144
rozowsky_93	1	2	4	645	3723
rozowsky_94	1	2	3	509	2946
rozowsky_95	1	1	1	711	3611
rozowsky_96	1	1	1	671	3497
rozowsky_97	1	10	34	1170	4482
rozowsky_98	1	4	18	867	3526
rozowsky_99	1	6	21	977	3894
rozowsky_100	1	5	16	789	3477
sun_1	1	1	1	693	5053
sun_2	1	2	6	903	5107
sun_3	1	1	7	1779	6522
sun_4	1	1	3	1320	5833
sun_5	1	1	1	369	4155
sun_6	1	1	1	865	4768
sun_7	1	1	1	453	4179
sun_8	1	1	1	877	4832
sun_9	1	9	42	1638	5895
sun_10	1	2	7	977	4445
sun_11	1	3	15	1252	5036
sun_12	1	4	18	818	3386
sun_13	1	1	4	968	4334
sun_14	1	1	2	660	4410
sun_15	1	1	1	609	4611
sun_16	1	1	1	1096	5431
sun_17	1	4	11	453	2288
sun_18	1	2	7	1598	6095
sun_19	1	6	24	1333	4866
sun_20	1	1	2	765	4724
sun_21	1	2	4	851	5053
sun_22	1	1	1	560	4288
sun_23	1	2	7	718	2992
sun_24	1	1	3	877	5025
sun_25	1	1	2	867	3851
sun_26	1	1	3	923	4030
sun_27	1	1	3	817	4903
sun_28	2	10	27	464	1598
sun_29	1	4	21	1423	5523
sun_30	1	1	1	639	4752
sun_31	1	7	28	1463	5515
sun_32	1	2	3	1146	5438
sun_33	1	4	20	1017	3686
sun_34	1	1	2	1292	5584
sun_35	1	4	30	1993	6612
sun_36	1	2	10	1336	5740
sun_37	1	1	1	719	4839
sun_38	1	2	3	1068	5297
sun_39	1	1	1	331	3956
sun_40	1	1	1	707	4547
sun_41	1	7	27	1513	5806
sun_42	1	4	14	1079	4401
sun_43	2	11	37	1268	5066
sun_44	1	3	13	946	4181
sun_45	1	1	14	1051	4784
sun_46	1	1	3	1744	6445
sun_47	1	11	55	2098	6799
sun_48	1	4	33	2001	6555
sun_49	1	1	3	1565	6095
sun_50	1	11	60	2262	6828
sun_51	1	4	18	808	3275
sun_52	1	3	12	1507	5998
sun_53	1	4	25	1719	6392
sun_54	1	3	13	1431	5200
sun_55	1	2	5	1333	5865
sun_56	1	2	13	1519	6071
sun_57	1	7	33	1822	6067
sun_58	1	2	9	1388	5871
tao_1	1	2	3	54	604
tao_2	1	1	1	13	140
tao_3	1	1	2	25	361
tao_4	1	1	2	14	365
tao_5	1	1	2	16	477
tao_6	1	1	2	23	430
tao_7	1	1	2	44	536
tao_8	1	1	2	14	271
tao_9	1	1	1	12	190
tao_10	1	1	1	15	239
tao_11	1	1	2	14	253
tao_12	1	1	1	10	176
tao_13	1	1	2	21	557
tao_14	1	2	3	57	649
tao_15	1	1	2	29	364
tao_16	1	1	2	19	365
tao_17	1	1	2	23	532
tao_18	1	1	2	41	825
tao_19	1	5	10	457	2500
tao_20	1	1	2	39	642
tao_21	1	2	3	43	436
tao_22	1	1	1	12	222
tao_23	1	1	2	10	192
tao_24	1	2	3	50	499
tao_25	1	1	1	4	26
tao_26	1	2	4	71	602
tao_27	1	2	3	46	440
tao_28	1	1	1	9	259
tao_29	1	1	2	30	478
tao_30	1	1	2	19	429
tao_31	1	1	2	23	741
tao_32	1	2	3	43	469
tao_33	1	1	2	29	406
tao_34	1	1	2	21	619
tao_35	1	1	2	23	323
tao_36	1	1	2	26	372
tao_37	1	1	2	17	271
tao_38	1	2	3	37	466
tao_39	1	2	3	66	950
tao_40	1	1	2	15	282
tao_41	1	1	2	32	661
tao_42	1	2	3	51	615
tao_43	1	1	2	14	274
tao_44	1	1	1	9	246
tao_45	1	1	1	13	247
tao_46	1	1	2	41	523
tao_47	1	1	2	21	475
tao_48	1	1	2	80	1283
tao_49	1	1	2	28	831
tao_50	1	1	2	19	622
tao_51	1	2	3	80	947
tao_52	1	1	2	84	1190
tao_53	1	1	2	84	1595
tao_54	1	2	4	115	1169
tao_55	1	3	7	632	4537
tao_56	1	2	5	197	1808
tao_57	1	1	2	27	470
tao_58	1	2	4	150	1584
tao_59	1	2	3	44	518
tao_60	1	2	5	139	1317
tao_61	1	2	3	56	716
tao_62	1	2	4	87	918
tao_63	1	2	5	153	1450
tao_64	1	2	3	135	1600
tao_65	1	2	5	137	1366
tao_66	1	2	4	142	1513
tao_67	1	2	4	122	1381
tao_68	1	2	4	103	1085
tao_69	1	2	4	187	1781
tao_70	1	1	2	61	1015
tao_71	1	1	2	42	621
tao_72	1	1	3	88	1153
tao_73	1	1	2	45	849
tao_74	1	1	2	29	586
tao_75	1	2	4	76	1002
tao_76	1	1	2	15	392
tao_77	1	1	2	24	320
tao_78	1	2	3	126	1518
tao_79	1	1	2	51	890
tao_80	1	2	3	45	596
tao_81	1	1	2	46	837
tao_82	1	2	3	62	943
tao_83	1	1	2	47	819
tao_84	1	1	2	37	585
tao_85	1	1	2	22	450
tao_86	1	2	3	119	1377
tao_87	1	1	3	65	762
tao_88	1	2	3	56	602
tao_89	1	1	2	44	778
tao_90	1	1	2	23	574
tao_91	1	1	2	42	636
tao_92	1	1	2	16	239
tao_93	1	1	2	27	501
tao_94	1	1	3	45	566
tao_95	1	1	3	35	448
tao_96	1	1	2	18	443
tao_97	1	1	2	25	414
tao_98	1	1	2	25	333
tao_99	1	1	2	29	393
tao_100	1	1	1	7	141
tao_101	1	2	3	45	482
tao_102	1	1	2	15	239
tao_103	1	1	2	38	906
tao_104	1	1	2	75	1342
tao_105	1	2	3	68	980
tao_106	1	2	3	46	499
tao_107	1	2	3	47	810
tao_108	1	2	3	44	566
tao_109	1	2	3	43	552
tao_110	1	1	2	40	728
tao_111	1	1	2	22	363
tao_112	1	1	2	27	350
tao_113	1	2	3	61	713
tao_114	1	1	2	21	374
tao_115	1	1	2	18	380
tao_116	1	1	2	28	534
tao_117	1	1	1	22	4816
tao_118	1	1	1	15	263
tao_119	1	1	2	19	254
tao_120	1	1	2	13	339
tao_121	1	1	2	47	853
tao_122	1	1	2	15	300
tao_123	1	1	2	19	427
tao_124	1	2	3	48	614
tao_125	1	1	3	53	782
tao_126	1	1	1	15	333
tao_127	1	1	2	28	552
toden_1	1	2	4	401	2253
toden_2	1	2	3	529	2828
toden_3	1	4	10	447	2432
toden_4	1	4	12	622	2967
toden_5	1	1	2	260	2111
toden_6	1	5	15	551	2716
toden_7	1	3	11	687	3093
toden_8	1	3	11	524	2601
toden_9	1	2	9	620	2886
toden_10	1	5	15	609	2835
toden_11	1	5	15	604	2860
toden_12	1	5	13	562	2696
toden_13	1	3	9	325	2009
toden_14	1	6	18	763	3136
toden_15	1	3	10	486	2535
toden_16	1	3	7	180	1201
toden_17	1	2	6	619	2895
toden_18	1	2	4	436	2519
toden_19	1	3	7	245	1647
toden_20	1	4	10	363	1889
toden_21	1	3	6	324	2122
toden_22	1	2	5	564	2637
toden_23	1	4	11	445	2222
toden_24	1	4	13	579	2715
toden_25	1	4	11	412	2338
toden_26	1	3	8	353	2100
toden_27	1	3	8	315	1994
toden_28	1	4	17	629	2892
toden_29	1	2	7	528	2613
toden_30	1	2	8	520	2613
toden_31	1	3	6	351	2142
toden_32	1	4	13	689	3005
toden_33	1	3	6	263	1850
toden_34	1	3	8	377	1991
toden_35	1	2	8	349	2149
toden_36	1	7	20	637	2786
toden_37	1	3	10	638	2916
toden_38	1	3	12	600	2672
toden_39	1	4	11	475	2528
toden_40	1	3	9	604	2841
toden_41	1	4	11	449	2289
toden_42	1	2	5	443	2450
toden_43	1	3	5	405	2487
toden_44	1	2	3	181	1823
toden_45	1	2	4	427	2543
toden_46	1	1	1	155	1820
toden_47	1	2	6	281	1932
toden_48	1	3	11	571	2800
toden_49	1	3	10	522	2694
toden_50	2	24	142	3250	8443
toden_51	1	5	18	728	3040
toden_52	1	2	6	432	2286
toden_53	1	3	9	352	2136
toden_54	1	3	6	346	2182
toden_55	1	3	8	682	3020
toden_56	1	1	3	247	1849
toden_57	1	2	10	707	2922
toden_58	1	3	8	355	2223
toden_59	1	3	8	274	1725
toden_60	1	4	9	303	1887
toden_61	1	3	8	406	2325
toden_62	1	3	11	685	3165
toden_63	1	2	7	572	2841
toden_64	1	5	18	877	3430
toden_65	1	5	21	877	3365
toden_66	1	6	14	616	2857
toden_67	1	8	30	921	3391
toden_68	1	2	6	632	3033
toden_69	1	3	11	638	3014
toden_70	1	2	4	539	2795
toden_71	1	4	12	723	3165
toden_72	1	2	6	581	2900
toden_73	1	3	7	265	1772
toden_74	1	1	2	380	2541
toden_75	1	4	13	506	2532
toden_76	1	2	9	608	2944
toden_77	1	2	3	106	1369
toden_78	1	2	5	333	2179
toden_79	1	3	9	564	2903
toden_80	1	4	12	494	2496
toden_81	1	6	19	782	3234
toden_82	1	3	11	518	2663
toden_83	1	2	5	284	2161
toden_84	1	2	5	297	2431
toden_85	1	4	14	628	2757
toden_86	1	4	9	459	2777
toden_87	1	3	11	613	2611
toden_88	1	4	12	645	3040
toden_89	1	2	7	717	3234
toden_90	1	5	18	843	3374
toden_91	1	4	14	817	3338
toden_92	1	2	5	579	2895
toden_93	1	3	11	825	3391
toden_94	1	4	11	777	3311
toden_95	1	1	3	486	2797
toden_96	1	6	19	838	3368
toden_97	1	1	2	406	2662
toden_98	1	3	10	688	3070
toden_99	1	6	20	905	3498
toden_100	1	2	6	718	3270
toden_101	1	2	4	631	3185
toden_102	1	2	6	607	3013
toden_103	1	6	23	893	3357
toden_104	1	3	7	592	2939
toden_105	1	2	8	761	3202
toden_106	1	1	2	298	2302
toden_107	1	6	22	756	3048
toden_108	1	2	7	741	3194
toden_109	1	2	5	691	3151
toden_110	1	2	6	673	3179
toden_111	1	2	7	743	3268
toden_112	1	2	5	608	2990
toden_113	1	4	14	785	3279
toden_114	1	2	5	656	3090
toden_115	1	1	2	256	2201
toden_116	1	3	14	818	3368
toden_117	1	2	3	435	2641
toden_118	1	2	5	552	2952
toden_119	1	3	12	844	3482
toden_120	1	5	18	900	3472
toden_121	1	1	3	434	2812
toden_122	1	2	6	749	3488
toden_123	1	3	8	643	3035
toden_124	1	3	7	649	3113
toden_125	1	2	7	713	3326
toden_126	1	1	2	458	2787
toden_127	1	1	2	401	2671
toden_128	1	7	29	858	3296
toden_129	1	6	14	415	2256
toden_130	1	4	17	757	3174
toden_131	1	2	5	275	1811
toden_132	1	4	13	476	2481
toden_133	1	3	8	259	1616
toden_134	1	4	10	362	2192
toden_135	1	3	9	422	2448
toden_136	1	5	16	720	3108
toden_137	1	4	16	805	3261
toden_138	1	3	11	556	2676
toden_139	1	4	15	670	3044
toden_140	1	4	14	783	3317
toden_141	1	3	9	616	2988
toden_142	1	2	8	770	3301
toden_143	1	3	7	180	1246
toden_144	1	3	7	367	2253
toden_145	1	2	8	620	2963
toden_146	1	5	13	609	2877
toden_147	1	3	10	676	3052
toden_148	1	4	11	637	2771
toden_149	1	6	25	899	3416
toden_150	1	2	5	203	1678
toden_151	1	3	11	742	3207
toden_152	1	3	11	721	3120
toden_153	1	3	9	678	3082
toden_154	1	2	3	561	2888
toden_155	1	2	5	490	2837
toden_156	1	3	11	669	3027
toden_157	1	6	15	658	2973
toden_158	1	4	15	676	2856
toden_159	1	2	4	451	2650
toden_160	1	2	4	469	2683
toden_161	1	3	10	726	3240
toden_162	1	6	18	751	3154
toden_163	1	3	9	571	2746
toden_164	1	5	15	501	2560
toden_165	1	2	6	312	2151
toden_166	1	2	4	164	1452
toden_167	1	5	13	623	2989
toden_168	1	4	11	479	2562
toden_169	1	3	7	624	3013
toden_170	1	2	3	491	2779
toden_171	1	3	13	744	3213
toden_172	1	3	14	840	3357
toden_173	1	2	4	612	3028
toden_174	1	2	6	572	2869
toden_175	1	4	14	689	3042
toden_176	1	6	23	836	3227
toden_177	1	2	5	509	2776
toden_178	1	4	17	837	3324
toden_179	1	2	3	245	1994
toden_180	1	3	11	723	3156
toden_181	1	4	13	731	3108
toden_182	1	3	11	691	3104
toden_183	1	3	8	690	3152
toden_184	1	2	8	742	3164
toden_185	1	3	12	775	3202
toden_186	1	4	15	699	3106
toden_187	1	5	15	729	3171
toden_188	1	2	5	659	3128
toden_189	1	3	12	776	3238
toden_190	1	5	21	896	3419
toden_191	1	3	10	417	2290
toden_192	1	3	8	323	2149
toden_193	1	5	12	412	2212
toden_194	1	2	5	196	1407
toden_195	1	4	10	487	2635
toden_196	1	3	8	268	1713
toden_197	1	2	5	587	3016
toden_198	1	2	3	215	1848
toden_199	1	3	11	770	3334
toden_200	1	3	13	714	3158
toden_201	1	3	12	1105	5005
toden_202	1	4	13	494	2588
toden_203	1	4	15	833	3384
toden_204	1	4	12	585	2831
toden_205	1	4	10	533	2740
toden_206	1	5	15	583	2814
toden_207	1	3	11	789	3275
toden_208	1	4	11	497	2528
toden_209	1	3	8	667	3083
toden_210	1	6	20	799	3248
toden_211	1	3	10	598	2939
toden_212	1	1	3	300	2393
toden_213	1	5	15	372	1978
toden_214	1	2	5	602	3016
toden_215	1	4	11	591	2898
toden_216	1	4	12	557	2710
toden_217	1	2	5	612	3014
toden_218	1	5	22	895	3486
toden_219	1	4	15	833	3384
toden_220	1	3	10	752	3245
toden_221	1	5	15	689	3058
toden_222	1	6	21	847	3390
toden_223	1	7	22	894	3435
toden_224	1	5	19	795	3160
toden_225	1	6	21	888	3418
toden_226	1	5	17	874	3476
toden_227	1	2	6	610	2938
toden_228	1	5	18	862	3352
toden_229	1	4	12	588	2822
toden_230	1	4	14	787	3255
toden_231	1	4	12	758	3379
toden_232	1	5	16	856	3486
toden_233	1	5	18	877	3442
toden_234	1	6	21	867	3352
toden_235	1	2	3	417	2534
toden_236	1	6	22	892	3456
toden_237	1	3	12	715	3113
toden_238	1	4	12	669	3085
toden_239	1	7	24	873	3374
toden_240	1	3	11	575	2816
toden_241	1	4	17	846	3396
toden_242	1	3	11	828	3335
toden_243	1	7	27	927	3466
wang_2	1	1	1	1	2
wang_3	1	1	1	44	308
wang_4	1	1	1	2	11
wang_5	1	1	3	24	86
wang_6	1	2	4	67	480
wang_7	1	1	1	24	237
wang_8	1	1	3	24	264
wang_9	1	1	3	19	51
wang_10	1	1	1	37	357
wang_11	1	2	3	99	591
wang_12	1	2	3	26	265
wang_13	1	1	2	31	133
wang_14	1	1	1	25	387
wang_15	1	1	2	37	237
wang_16	1	1	3	25	224
wang_17	1	1	1	1	2
wang_18	1	1	1	19	209
wang_19	1	1	1	1	8
wang_20	1	1	1	33	225
wang_21	1	1	2	25	258
wang_22	1	1	3	74	376
wang_23	1	1	2	23	281
wang_24	1	1	1	1	2
wang_25	1	1	3	40	354
wang_26	1	1	1	1	9
wang_27	1	1	2	40	128
wang_28	1	2	3	99	591
wang_29	1	1	1	21	203
wang_30	1	2	3	25	253
wang_31	1	1	2	33	135
wang_32	1	1	1	25	381
wang_33	1	1	1	23	304
wang_34	1	1	1	23	317
wang_35	1	1	1	23	306
wang_36	1	1	4	458	1690
wang_37	1	1	4	464	1676
wang_38	1	1	4	460	1688
wang_39	1	3	7	229	1046
wang_41	1	3	7	240	1094
wang_42	1	3	7	242	1084
wang_43	1	2	3	65	302
wang_44	1	2	3	68	308
wang_45	1	2	3	69	333
wang_46	1	1	2	64	282
wang_47	1	1	2	64	283
wang_48	1	1	2	63	284
wang_49	1	2	3	45	235
wang_50	1	2	3	51	245
wang_52	1	2	3	46	225
wang_66	1	1	1	5	56
wang_67	1	1	1	7	65
wang_68	1	1	1	6	56
wang_73	1	1	2	22	124
wang_76	1	1	1	133	2641
wang_77	1	1	1	122	2645
wang_78	1	1	1	125	2568
wang_84	1	1	2	23	123
wang_85	1	1	2	21	112
wei_1	18	138	349	3835	9119
wei_2	18	140	349	3777	9061
wei_3	17	132	335	3692	8926
wei_4	16	129	331	3595	8742
wei_5	17	135	338	3707	8973
wei_6	17	135	341	3761	9074
wei_7	17	135	342	3653	8861
wei_8	14	123	319	3590	8816
wei_9	17	135	342	3739	9018
wei_10	17	135	341	3767	9055
wei_11	11	117	312	3533	8684
wei_12	17	137	345	3815	9129
wei_13	17	129	331	3709	8953
wei_14	17	135	342	3772	9050
wei_15	17	138	346	3772	9044
wei_16	18	136	346	3821	9101
wei_17	16	124	317	3521	8706
wei_18	17	133	340	3831	9147
wei_19	19	143	355	3865	9200
wei_20	17	129	322	3397	8325
wei_21	18	141	355	3878	9203
wei_28	16	134	339	3657	8871
wei_29	17	135	337	3677	8918
wei_30	11	117	320	3777	9102
wei_31	17	133	339	3669	8915
wei_32	12	123	321	3517	8602
wei_33	15	121	312	3497	8640
wei_34	17	133	334	3633	8853
wei_35	17	135	339	3634	8849
wei_36	18	140	350	3730	8953
wei_37	17	129	330	3717	8941
wei_38	17	133	338	3678	8914
wei_39	17	136	343	3692	8950
wei_40	17	134	341	3765	9049
wei_41	16	130	328	3595	8814
wei_42	18	138	345	3640	8825
wei_43	18	141	351	3818	9130
wei_44	18	142	354	3734	8965
wei_45	17	136	340	3705	8935
wei_46	18	135	336	3552	8655
wei_47	17	134	337	3580	8710
wei_48	18	140	350	3797	9118
wei_49	14	125	318	3479	8579
wei_50	18	134	337	3596	8750
wei_51	11	120	319	3714	9010
wei_52	17	132	335	3733	8996
wei_53	17	136	341	3778	9068
wei_54	18	131	324	3430	8412
wei_55	14	122	318	3596	8791
wei_56	18	139	348	3809	9097
wei_57	17	135	342	3730	8996
wei_58	17	135	338	3654	8894
wei_59	17	141	352	3829	9147
wei_60	16	131	334	3755	9082
wei_61	17	134	339	3745	8989
wei_62	16	133	336	3600	8743
wei_63	17	136	342	3783	9075
wei_64	15	116	299	3507	8667
wei_65	16	134	342	3742	9044
wei_66	17	132	336	3758	9011
wei_67	17	137	349	3844	9188
wei_68	16	136	339	3663	8881
wei_69	16	135	341	3781	9058
wei_70	12	127	331	3699	8961
wei_71	14	130	334	3775	9060
wei_72	17	128	328	3728	9000
wei_73	16	130	331	3639	8872
wei_74	12	120	323	3830	9186
wei_75	17	133	336	3566	8680
wei_76	17	135	342	3791	9067
wei_77	18	135	343	3789	9054
wei_78	17	138	348	3799	9098
wei_79	16	126	323	3644	8853
wei_80	17	132	336	3670	8930
wei_81	17	133	338	3770	9032
wei_82	18	135	345	3803	9086
wei_83	18	139	346	3697	8898
wei_84	18	142	356	3803	9074
wei_85	12	123	327	3756	9015
wei_86	17	137	346	3763	9046
wei_87	17	137	344	3658	8852
wei_88	18	138	346	3679	8899
wei_89	15	122	309	3475	8642
wei_90	18	135	333	3450	8412
wei_91	13	119	321	3804	9166
wei_92	17	132	334	3737	8992
wei_93	17	130	330	3717	8949
wei_94	11	124	324	3568	8701
wei_95	8	112	308	3695	9005
wei_96	17	133	337	3683	8918
zhu_1	1	1	2	32	644
zhu_2	1	2	4	208	1992
zhu_3	1	2	4	200	1826
zhu_4	1	2	3	80	1714
zhu_5	1	1	2	21	337
zhu_6	1	1	3	116	1411
zhu_7	1	2	5	289	2408
zhu_8	1	2	5	285	2716
zhu_9	1	2	3	52	618
zhu_10	1	2	4	187	1880
zhu_11	1	1	1	12	280
zhu_12	1	2	4	81	1430
zhu_13	1	2	3	157	2106
zhu_14	1	2	3	203	1990
zhu_15	1	1	3	33	482
zhu_16	1	2	4	80	1483
zhu_17	1	2	4	402	3359
zhu_18	1	2	4	65	715
zhu_19	1	2	3	43	654
zhu_20	1	2	4	155	1967
zhu_21	1	1	2	32	562
zhu_22	1	2	3	64	845
zhu_23	1	2	3	102	1301
zhu_24	1	2	3	102	1708
zhu_25	1	2	4	286	2407
zhu_26	1	3	6	251	2658
zhu_27	1	2	4	48	565
zhu_28	1	2	5	287	2734
zhu_29	1	2	4	185	1874
zhu_30	1	2	4	63	863
zhu_31	1	1	2	22	553
zhu_32	1	1	2	36	590
zhu_33	1	2	3	78	1185
zhu_34	1	1	2	71	1160
zhu_35	1	2	3	83	1160
zhu_36	1	5	10	408	2510
zhu_37	1	4	9	348	2944
zhu_38	1	4	8	338	2926
zhu_39	1	3	8	353	2782
zhu_40	1	4	10	463	3239
zhu_41	1	2	5	277	2108
zhu_42	1	4	9	439	2449
zhu_43	1	3	10	466	2660
zhu_44	1	2	6	373	2516
zhu_45	1	3	7	363	2603
zhu_46	1	3	9	314	2306
zhu_47	1	3	8	333	2370
zhu_48	1	3	7	394	3089
zhu_49	1	2	5	185	1815
zhu_50	1	3	9	424	2590
zhu_51	1	4	10	376	2515
zhu_52	1	4	9	366	2397
zhu_53	1	4	9	473	2795
zhu_54	1	3	7	383	2462
zhu_55	1	2	5	482	3675
zhu_56	1	2	5	434	3193
zhu_57	1	4	9	360	2454
zhu_58	1	2	6	380	2597
zhu_59	1	1	2	243	2253
zhu_60	1	4	8	321	2413
zhu_61	1	2	6	407	2334
zhu_62	1	4	8	358	2330
zhu_63	1	3	6	304	2168
zhu_64	3	29	113	2362	6212
zhu_65	1	4	11	467	2670
