Sample	number_of_genes_contributing_to_1%_of_reads	number_of_genes_contributing_to_5%_of_reads	number_of_genes_contributing_to_10%_of_reads	number_of_genes_contributing_to_50%_of_reads	number_of_genes_contributing_to_80%_of_reads
RNA019969_S2	1	1	1	6	201
RNA019970_S3	1	1	1	11	569
RNA019971_S4	1	1	2	8	186
RNA019972_S5	1	1	2	10	253
RNA019973_S6	1	1	1	5	116
RNA019974_S7	1	1	2	48	1244
RNA019975_S8	1	2	3	72	931
RNA019976_S9	1	1	1	6	92
RNA019977_S10	1	1	2	11	582
RNA019978_S11	1	2	3	162	1448
RNA019979_S12	1	1	3	66	1096
RNA019980_S13	1	1	2	23	805
RNA019981_S14	1	1	2	59	1078
RNA019982_S15	1	1	1	7	373
RNA019983_S16	1	2	3	76	1191
RNA019984_S17	1	2	5	276	2231
RNA019985_S18	1	1	1	8	351
RNA019986_S19	1	1	3	147	1737
RNA019987_S20	1	1	1	5	278
RNA019988_S21	1	1	1	8	336
RNA019989_S22	1	1	2	12	476
RNA019990_S23	1	1	2	18	635
RNA019991_S24	1	1	2	20	582
RNA019992_S25	1	1	2	24	467
RNA019993_S26	1	1	3	57	895
RNA019994_S27	1	2	3	68	887
RNA019996_S28	1	1	2	27	644
RNA019997_S29	1	2	3	58	891
RNA019998_S30	1	2	4	169	1707
RNA019999_S31	1	1	2	87	1352
RNA020000_S32	1	2	3	135	1557
RNA020001_S33	1	1	2	19	417
RNA020002_S34	1	1	2	26	619
RNA020005_S35	1	2	4	217	1956
RNA020006_S36	1	1	3	125	1492
RNA020007_S37	1	3	6	259	2048
RNA020008_S38	1	2	4	211	1721
RNA020009_S39	1	1	2	56	1216
RNA020011_S40	1	1	2	37	869
RNA020012_S41	1	1	2	31	946
RNA020013_S42	1	2	3	51	689
RNA020014_S43	1	1	2	33	772
RNA020015_S44	1	1	2	30	663
RNA020016_S45	1	1	2	69	1358
RNA020017_S46	1	1	2	20	339
RNA020018_S47	1	1	2	24	593
RNA020019_S48	1	1	2	9	357
RNA020020_S49	1	1	2	30	461
RNA020021_S50	1	1	2	53	925
RNA020022_S51	1	1	2	58	1113
RNA020023_S52	1	1	2	23	411
RNA020024_S53	1	1	2	16	480
RNA020025_S54	1	1	2	16	841
RNA020026_S55	1	2	3	201	1847
RNA020027_S56	1	1	2	29	568
RNA020028_S57	1	3	6	384	2433
RNA020029_S58	1	1	2	18	586
RNA020030_S59	1	1	2	14	820
RNA020032_S60	1	1	1	6	179
RNA020033_S61	1	1	1	6	264
RNA020035_S62	1	1	2	23	560
RNA020036_S63	1	1	2	11	516
RNA020037_S64	1	2	3	69	783
RNA020038_S65	1	1	1	9	448
RNA020039_S66	1	1	2	14	317
RNA020041_S67	1	2	3	62	857
RNA020042_S68	1	1	2	44	922
RNA020043_S69	1	1	3	40	643
RNA020044_S70	1	1	2	20	549
RNA020045_S71	1	1	2	21	643
RNA020046_S72	1	1	1	9	308
RNA020060_S83	1	1	1	10	559
RNA020061_S84	1	1	2	41	725
RNA020062_S85	1	1	2	18	451
RNA020063_S86	1	1	2	44	1114
RNA020065_S87	1	1	2	14	338
RNA020066_S88	1	1	2	9	186
RNA020069_S89	1	2	3	97	1250
RNA020070_S90	1	2	4	215	1970
RNA020071_S91	1	1	2	29	659
RNA020072_S92	1	1	2	29	384
RNA020073_S93	1	2	3	41	586
RNA020075_S95	1	1	2	40	502
RNA020076_S96	1	1	2	60	732
RNA020078_S97	1	1	2	12	369
RNA020079_S98	1	1	3	379	2380
RNA020081_S99	1	1	2	34	456
RNA020083_S100	1	1	2	24	429
RNA020084_S101	1	1	2	41	502
RNA020085_S102	1	1	3	111	1649
RNA020086_S103	1	1	1	8	168
RNA020088_S104	1	2	3	95	1247
RNA020089_S105	1	1	2	19	737
RNA020090_S106	1	1	1	16	250
RNA020093_S107	1	1	2	18	767
RNA020097_S109	1	2	3	49	889
RNA020101_S110	1	2	4	68	624
RNA020102_S111	1	1	2	51	444
RNA020104_S112	1	1	2	11	325
RNA020107_S113	1	1	1	16	347
RNA020108_S114	1	1	1	17	316
RNA020109_S115	1	1	1	10	304
RNA020110_S116	1	1	2	30	633
RNA020111_S117	1	1	2	45	496
RNA020112_S118	1	1	2	22	473
RNA020113_S119	1	1	2	69	822
RNA020114_S120	1	1	2	40	433
RNA020118_S124	1	1	2	15	323
RNA020119_S125	1	1	1	32	801
RNA020120_S126	1	1	1	19	281
RNA020121_S127	1	1	2	13	221
RNA020122_S128	1	1	1	19	348
RNA020123_S129	1	1	1	26	372
RNA020124_S130	1	1	2	25	446
RNA020125_S131	1	1	2	25	429
RNA020126_S132	1	3	8	304	1621
RNA020127_S133	1	1	2	52	1152
RNA020132_S137	1	2	5	255	2330
RNA020133_S138	1	3	5	355	2290
RNA020134_S139	1	1	2	55	840
RNA020135_S140	1	1	2	24	867
RNA020136_S141	1	1	2	45	607
RNA020137_S142	1	2	3	41	588
RNA020138_S143	1	2	4	145	1545
RNA020139_S144	1	3	6	320	2404
RNA020140_S145	1	1	2	38	678
RNA020141_S146	1	2	3	49	555
RNA020142_S147	1	1	2	24	781
RNA020143_S148	1	1	2	33	593
RNA020144_S149	1	2	3	84	1336
RNA020145_S150	1	2	3	54	774
RNA020146_S151	1	2	5	409	2466
RNA020147_S152	1	1	2	34	760
RNA020148_S153	1	1	2	36	633
RNA020150_S155	1	1	6	328	1947
RNA020151_S156	1	2	4	105	1232
RNA020152_S157	1	2	3	61	829
RNA020153_S158	1	1	2	20	419
RNA020154_S159	1	2	3	146	1756
RNA020155_S160	1	1	2	42	850
RNA020156_S161	1	2	3	77	1179
RNA020157_S162	1	2	3	65	651
RNA020158_S163	1	1	2	13	693
RNA020159_S164	1	1	2	75	1220
RNA020160_S165	1	1	2	33	1012
RNA020161_S166	1	2	4	182	1552
RNA020162_S167	1	2	3	147	1737
RNA020163_S168	1	1	2	32	752
RNA020164_S169	1	1	2	30	1004
RNA020165_S170	1	1	2	22	364
RNA020166_S171	1	1	2	9	544
RNA020167_S172	1	1	3	65	631
RNA020168_S173	1	1	1	14	466
RNA020170_S174	1	1	3	124	1201
RNA020171_S175	1	3	8	345	2157
RNA020172_S176	1	2	4	135	1487
RNA020174_S177	1	2	4	63	798
RNA020175_S178	1	2	6	410	2392
RNA020176_S179	1	1	3	72	1169
RNA020177_S180	1	1	3	72	1104
RNA020178_S181	1	2	4	164	1593
RNA020179_S182	1	1	3	88	791
RNA020180_S183	1	1	2	26	697
RNA020181_S184	1	2	3	54	778
RNA020182_S185	1	2	3	59	901
RNA020183_S186	1	1	3	107	1086
RNA020184_S187	1	1	3	110	1080
RNA020185_S188	1	2	3	102	1419
SAMP847_EXP140_8_CTR1315	1	2	5	247	2137
SAMP2456_EXP148_16	1	3	8	366	2380
SAMP2646_EXP154	1	2	5	308	2181
SAMP2681_EXP157	1	2	3	157	1345
SAMP2705_EXP159	1	2	6	250	1973
SAMP2745_EXP161	1	3	5	220	1826
SAMP2747_EXP161	1	3	8	306	1987
SAMP2757_EXP165	1	2	5	196	1649
SAMP2758_EXP165	1	3	5	196	1766
SAMP2778_EXP165	1	2	4	210	1805
SAMP2779_EXP165	1	2	4	190	1844
SAMP2781_EXP165	1	3	7	581	2891
SAMP2987_EXP171	1	2	3	126	1197
SAMP3013_EXP171	1	3	8	377	2338
SAMP3014_EXP171	1	3	7	256	1935
SAMP3019_EXP172	1	2	6	232	1902
SAMP3020_EXP172	1	3	7	275	2059
SAMP3049_EXP172	1	3	7	349	2212
SAMP3131_EXP176	1	3	7	285	2020
SAMP3132_EXP176	1	2	5	217	1889
SAMP3392_EXP180_28	1	2	6	280	1935
SAMP3483_EXP185	1	3	8	347	2206
SAMP4536_EXP188	1	3	7	325	2185
SAMP4596_EXP189	1	3	6	249	1891
SAMP4603_EXP189	1	3	7	325	2097
SAMP4695_EXP192_23	1	3	6	285	2000
SAMP4699_EXP192_27	1	3	9	407	2285
SAMP4818_EXP199_4	1	2	4	184	1540
SAMP4831_EXP199_17	1	3	5	227	1730
SAMP5272_EXP216_22	1	3	6	318	2060
SAMP5290_EXP216_40	1	3	7	359	2241
SAMP5385_EXP223_11	1	3	7	296	2086
SAMP5411_EXP223_37	1	3	8	396	2310
SAMP5655_EXP228_34	1	4	11	416	2317
SAMP5656_EXP228_35	1	3	8	390	2391
SAMP5661_EXP228_40	1	3	7	291	2064
SAMP5674_EXP228_53	1	3	5	276	1955
SAMP6050_EXP243_24	1	3	7	376	2282
SAMP6066_EXP243_40	1	2	5	274	2009
SAMP6082_EXP243_56	1	4	8	303	2159
SAMP6516_EXP247_2	1	1	2	27	539
SAMP6542_EXP247_28	1	1	2	30	485
SAMP6549_EXP247_35	1	2	4	154	1432
SAMP6555_EXP247_41	1	1	3	56	739
SAMP6570_EXP248_6	1	1	2	37	583
SAMP6576_EXP248_12	1	3	6	231	1800
SAMP6749_EXP250_8	1	2	4	192	1559
SAMP6754_EXP250_13	1	2	4	76	860
SAMP6766_EXP250_25	1	3	5	223	1753
SAMP6773_EXP250_32	1	1	2	34	553
SAMP6799_EXP250_58	1	2	3	88	1033
SAMP6804_EXP250_63	1	2	4	66	745
SRR4421313	1	5	21	929	3799
SRR4421314	1	2	5	617	3156
SRR4421334	2	16	56	1350	4306
SRR4421337	1	6	17	1013	4077
SRR4421350	1	7	27	941	3686
SRR4421394	1	8	29	1196	4482
SRR4421395	1	5	16	776	3228
SRR4421429	1	6	19	799	3505
SRR4421449	1	2	7	649	3284
SRR4421468	2	17	57	1431	4540
SRR4421506	1	2	3	292	2640
SRR4421528	1	1	2	1036	4071
SRR4421529	1	1	3	1049	4047
SRR4421545	1	3	12	820	3483
SRR4421566	1	6	25	1072	4122
SRR4421567	1	7	27	1052	3896
SRR4421568	1	5	24	1019	3893
SRR4421597	1	5	18	1144	4068
SRR4421631	1	3	10	972	3968
SRR4421640	1	4	14	1013	4070
SRR4421642	2	17	56	1362	4358
SRR4421667	1	16	75	1787	5358
SRR4421668	1	16	76	1795	5358
SRR4421678	1	2	7	839	3793
SRR4421679	1	4	14	1015	4133
SRR4421747	1	1	1	190	2199
SRR4421756	1	4	13	1035	3669
SRR4421758	1	5	28	1264	4352
SRR4421779	1	4	15	1002	3907
SRR4421786	1	13	45	1288	4535
SRR4421789	1	1	1	189	2165
SRR4421790	1	13	53	1343	4545
SRR4421791	1	6	20	899	3670
SRR4421792	1	7	20	901	3695
SRR4421808	1	2	12	1300	4544
SRR4421809	2	8	29	1132	4097
SRR4421817	1	1	1	262	2512
SRR4421826	1	4	12	905	3791
SRR4421836	1	2	3	1005	4077
SRR4421842	1	2	8	736	3390
SRR4421845	1	4	13	804	3661
SRR4421846	1	3	9	777	3445
SRR4421868	2	13	57	1570	4963
SRR4421874	1	2	3	286	2638
SRR4421875	2	7	17	828	3508
SRR4421886	1	1	2	387	2737
SRR4421916	1	3	12	792	3498
SRR4421927	1	1	1	812	3590
SRR4421928	1	1	1	723	3517
SRR4421945	1	3	15	1018	3884
SRR4421946	1	4	13	872	3679
SRR4421966	1	2	3	433	2942
SRR4422046	1	2	4	531	3075
SRR4422057	1	2	8	931	3753
SRR4422098	1	6	18	827	3548
SRR4422106	1	8	32	1137	4188
SRR4422107	1	1	1	70	1482
SRR4422136	1	3	7	820	3903
SRR4422144	1	5	14	806	3487
SRR4422147	1	1	2	546	3044
SRR4422152	1	1	1	933	4055
SRR4422153	1	1	1	951	4065
SRR4422158	1	3	17	1173	4317
SRR4422184	1	5	16	800	3446
SRR4422192	1	5	17	726	3287
SRR4422204	1	8	25	1012	3980
SRR4422207	1	2	5	558	3108
SRR4422210	1	2	8	987	3655
SRR4422216	2	8	27	915	3629
SRR4422217	1	3	8	696	3293
SRR4422282	1	5	17	983	3809
SRR4422292	1	4	12	839	3691
SRR4422293	1	3	18	1138	4140
SRR4422339	1	4	17	958	3752
SRR4422344	1	3	7	709	3496
SRR4422345	1	3	12	686	3388
SRR4422346	1	5	17	1222	4321
SRR4422347	1	6	21	856	3803
SRR4422371	1	1	1	41	1428
SRR4422372	1	1	1	37	1388
SRR4422373	1	3	19	1036	3627
SRR4422379	1	3	9	760	3503
SRR4422380	1	8	27	1065	4082
SRR4422381	2	11	39	1257	4397
SRR4422402	1	5	16	930	3801
SRR4422445	2	17	59	1419	4460
SRR4422516	1	6	29	1230	4372
SRR4422517	2	8	31	1143	4177
SRR4422532	1	1	1	160	1954
SRR4422571	1	3	9	822	3606
SRR4422587	1	21	77	1682	5134
SRR4422588	1	21	78	1693	5144
SRR4422592	1	2	4	644	3722
SRR4422603	1	2	3	509	2946
SRR4422613	1	1	1	710	3610
SRR4422614	1	1	1	671	3496
SRR4422625	1	10	34	1169	4478
SRR4422656	1	4	18	867	3526
SRR4422666	1	6	21	976	3889
SRR4422692	1	5	16	788	3476
SRR6481081	1	1	1	7	787
SRR6481082	1	1	1	4	16
SRR6481083	1	1	1	2	214
SRR6481084	1	1	1	1	7
SRR6481085	1	1	1	1	16
SRR6481086	1	1	1	6	52
SRR6481087	1	1	1	3	9
SRR6481088	1	1	1	7	116
SRR6481089	1	1	1	11	672
SRR6481090	1	1	1	2	10
SRR6481091	1	1	1	3	15
SRR6481092	1	1	1	4	229
SRR6481093	1	1	1	1	6
SRR6481094	1	1	1	1	117
SRR6481095	1	1	1	1	13
SRR8492545	1	8	27	805	3240
SRR8492546	1	8	28	813	3261
SRR8492547	1	3	9	370	2251
SRR8492548	1	10	32	846	3337
SRR8492549	2	12	38	716	2757
SRR8492550	1	10	33	856	3333
SRR8492551	1	8	28	765	3070
SRR8492552	1	9	30	823	3297
SRR8492553	1	9	30	712	2953
SRR8492554	1	7	22	646	2823
SRR8492555	1	8	24	749	3148
SRR8492556	1	5	17	474	2354
SRR8492557	1	3	11	391	2352
SRR8492558	1	2	10	348	2205
SRR8492559	1	4	15	472	2327
SRR8492560	1	2	10	348	2213
SRR8492561	1	6	20	520	2580
SRR8492562	1	6	20	528	2433
SRR8492563	1	3	10	394	2108
SRR8492564	1	2	4	157	1274
SRR8492565	1	9	30	984	3526
SRR8492566	1	9	28	697	3059
SRR8492567	1	7	26	746	3152
SRR8492568	1	8	26	742	3210
SRR8492569	1	6	24	676	3031
SRR8492570	2	15	40	779	2964
SRR8492571	2	15	45	851	3150
SRR8492572	2	15	43	848	3129
SRR8492573	1	3	12	484	2764
SRR8492574	1	5	19	686	3146
SRR8492575	1	2	6	324	2111
SRR8492576	1	3	9	376	2107
SRR8492577	1	2	8	396	2330
SRR8492578	3	16	44	804	3056
SRR8492579	1	2	6	351	2301
SRR8492580	1	12	39	731	2782
SRR8492581	2	12	40	738	2791
SRR8492582	2	13	39	738	2819
SRR8492583	2	12	39	739	2813
SRR8492584	2	13	39	736	2859
SRR8492585	2	9	32	808	3001
SRR8492586	2	10	36	839	3087
SRR8492587	2	9	32	804	3001
SRR8492588	1	3	11	422	2323
SRR8492589	2	14	41	761	2895
SRR8492590	2	14	43	780	2916
SRR8492591	1	1	8	322	1829
SRR8492592	1	5	13	343	1888
SRR8492594	1	6	19	453	2426
SRR8492595	1	3	14	442	2299
SRR8492596	1	4	14	445	2333
SRR8492597	1	6	27	976	3445
SRR8492598	1	8	37	1079	3664
SRR8492599	1	3	12	323	1608
SRR8492600	1	7	26	942	3421
SRR8492601	1	2	10	626	2736
SRR8492602	1	6	20	650	2573
SRR8492603	1	1	2	368	1990
SRR8492604	1	1	1	103	1215
SRR8492605	1	1	2	170	1626
SRR8492606	1	1	2	281	1988
SRR8492607	1	6	25	933	3453
SRR8492608	1	4	14	449	2387
SRR8492609	1	5	15	509	2789
SRR8492610	1	3	6	332	2445
SRR8492611	1	2	6	534	2685
SRR8492612	1	3	9	437	2398
SRR8492613	1	5	16	534	2771
SRR8492614	1	2	9	377	2648
SRR8492615	1	2	8	357	2123
SRR8492616	1	3	9	436	2563
SRR8492617	1	8	31	1010	3583
SRR8492618	1	3	13	592	2826
SRR8492619	1	8	31	838	3289
SRR8492620	1	8	32	856	3294
SRR8492621	1	9	31	827	3253
SRR8492622	1	8	30	852	3302
SRR8492623	1	7	27	793	3197
SRR8492624	1	3	9	568	2814
SRR8492625	1	3	13	615	2880
SRR8492626	1	4	20	877	3284
SRR8492627	1	7	29	823	3257
SRR8492628	1	3	15	431	2366
SRR8492629	1	3	15	453	2411
SRR8492630	1	4	17	526	2650
SRR8492631	1	3	7	350	2275
SRR8492632	1	4	16	526	2619
SRR8492633	1	2	4	313	2104
SRR8492634	1	2	11	456	2565
SRR8492635	1	4	14	451	2496
SRR8492636	1	1	2	602	2957
SRR8492637	1	2	8	309	2095
SRR8492638	1	8	29	972	3515
SRR8492639	2	13	36	696	2820
SRR8492640	1	2	7	413	2369
SRR8492641	1	7	23	674	2942
SRR8492642	1	9	31	834	3379
SRR8492643	1	10	31	756	3066
SRR8492644	1	9	28	740	3090
SRR8492645	1	10	31	878	3391
SRR8492646	1	8	26	662	2997
SRR8492647	1	3	17	701	3102
SRR8492648	1	4	17	685	3049
SRR8492649	2	10	30	824	3328
SRR8492650	1	4	18	696	3086
SRR8492651	1	3	14	732	3044
SRR8492652	1	5	22	870	3347
SRR8492653	1	2	8	399	2254
SRR8492654	1	2	10	725	3036
SRR8492655	1	5	20	722	2903
SRR8492656	1	2	3	588	2872
SRR8492657	1	5	11	609	2977
SRR8492658	1	3	11	462	2610
SRR8492659	1	2	10	393	2249
SRR8492660	2	12	38	771	2987
SRR8492661	1	5	16	446	2361
SRR8492662	1	1	2	403	2547
SRR8492663	1	2	4	352	2224
SRR8492664	1	5	11	601	2882
SRR8492665	1	2	3	425	2470
SRR8492666	1	2	7	475	2544
SRR8492667	1	2	3	593	2922
SRR8492668	1	3	9	472	2480
SRR8492669	1	5	15	586	2323
SRR8492670	1	3	6	501	2617
SRR8492671	1	3	8	537	2699
SRR8492672	2	9	32	790	2947
SRR8492673	1	8	22	534	2417
SRR8492674	2	10	36	832	3054
SRR8492675	1	4	18	749	2837
SRR8492676	1	3	9	668	2922
SRR8492677	1	3	12	830	3312
SRR8492678	1	2	7	277	1829
SRR8492679	1	3	14	850	3288
SRR8492680	1	2	9	284	1793
SRR8492681	1	3	6	640	2969
SRR8492682	1	6	29	835	3016
SRR8492683	1	4	18	845	3203
SRR8492684	1	3	11	758	3105
SRR8492685	1	3	10	541	2440
SRR8492686	1	4	10	483	2508
SRR8492687	1	2	7	396	2237
SRR8492688	1	4	11	588	2962
SRR8492689	1	4	14	527	2763
SRR8492690	1	3	13	523	2742
SRR8492691	1	3	7	328	2167
SRR8492692	2	7	19	525	2432
SRR8492693	1	1	2	461	2661
SRR8492694	1	4	11	562	2696
SRR8492695	1	3	10	420	2387
SRR8492696	1	3	13	661	2907
SRR8492697	1	2	7	561	2684
SRR8492698	1	6	17	795	3301
SRR8492699	1	7	27	954	3547
SRR8492700	1	5	14	790	3206
SRR8492701	1	4	11	579	2846
SRR8492702	1	5	19	833	3321
SRR8492703	1	2	5	537	2680
SRR8492704	1	8	20	855	3425
SRR8492705	1	4	11	587	2910
SRR8492706	2	15	51	898	3287
SRR8492707	2	13	37	731	2870
SRR8492708	2	14	42	802	2986
SRR8492709	1	2	5	448	2523
SRR8492710	2	20	60	1141	3640
SRR8492711	1	14	50	1032	3438
SRR8492712	1	9	33	787	2889
SRR8492713	2	12	40	977	3245
SRR8492714	1	10	35	826	2993
SRR8492715	1	12	41	951	3167
SRR8492716	3	22	61	1003	3188
SRR8492717	3	23	61	1049	3403
SRR8492718	2	23	64	1123	3576
SRR8492719	1	4	15	553	2748
SRR8492720	3	21	61	1117	3550
SRR8492721	1	5	20	771	3296
SRR8492722	1	4	17	698	3114
SRR8492723	1	10	34	876	3384
SRR8492724	1	3	6	344	2408
SRR8492725	1	3	7	384	2142
SRR8492726	1	3	10	493	2857
SRR8492727	2	12	37	772	2975
SRR8492728	1	6	19	652	3073
SRR8492729	1	2	5	497	2667
SRR8492730	1	5	18	679	3080
SRR8492731	1	3	7	455	2701
SRR8492732	1	1	2	432	2448
SRR8492733	1	2	5	304	2127
SRR8492734	1	5	19	510	2581
SRR8492735	1	2	6	560	2828
SRR8492736	1	2	5	520	2543
SRR8492737	1	2	5	340	2149
SRR8492738	1	2	5	554	2741
SRR8492739	1	2	6	516	2573
SRR8492740	1	6	22	590	2729
SRR8492741	1	3	11	725	3197
SRR8492742	1	2	6	327	2147
SRR8492743	2	9	35	829	3100
SRR8492744	2	15	47	934	3208
SRR8492745	1	2	8	597	2897
SRR8492746	1	4	17	876	3318
SRR8492747	1	1	1	47	614
SRR8492748	1	5	15	740	3128
SRR8492749	1	6	18	784	3276
SRR8492750	1	6	19	844	3253
SRR8492751	1	5	20	845	3246
SRR8492752	1	6	20	837	3345
SRR8492753	1	5	19	820	3098
SRR8492754	1	5	18	771	3021
SRR8492755	1	5	15	725	2933
SRR8492756	1	6	16	729	2998
SRR8492757	1	6	14	535	2024
SRR8492758	1	5	20	547	2554
SRR8492759	1	5	13	677	3099
SRR8492760	1	1	3	485	2530
SRR8492761	1	1	2	301	2231
SRR8492762	1	2	6	566	2589
SRR8492763	1	6	16	771	3186
SRR8492764	1	4	15	446	2311
SRR8492765	1	6	16	492	2550
SRR8492766	1	5	16	515	2650
SRR8492767	1	2	10	378	2197
SRR8492768	1	4	13	475	2426
SRR8492769	1	5	17	521	2481
SRR8492770	1	5	18	539	2511
SRR8492771	1	7	21	502	2420
SRR8492772	1	5	18	816	3162
SRR8492773	1	1	2	326	2253
SRR8492774	1	1	2	402	2537
SRR8492775	1	1	2	217	1823
SRR8492776	1	3	11	562	2568
SRR8492777	1	1	2	100	1156
SRR8492778	1	2	3	393	2319
SRR8492779	1	5	17	529	2664
SRR8492780	1	4	17	530	2611
SRR8492781	1	4	13	443	2357
SRR8492782	1	4	14	632	2803
SRR8492783	1	2	6	580	2852
SRR8492784	1	2	6	612	2900
SRR8492785	1	3	8	640	2854
SRR8492786	1	2	4	528	2755
SRR8492787	1	2	5	626	2961
SRR8492788	2	11	36	839	3067
SRR8492789	2	10	34	830	3110
SRR8492790	1	2	6	323	2064
SRR8492791	1	4	14	731	2937
SRR8492792	2	8	24	697	2799
SRR8492793	1	1	3	526	2699
SRR8492794	1	1	3	605	2914
SRR8492795	1	2	4	593	2705
SRR8492796	1	2	4	608	2830
SRR8492797	1	2	4	520	2706
SRR8492798	1	3	9	473	2371
SRR8492799	1	3	9	512	2783
SRR8492800	1	3	13	507	2468
SRR8492801	1	3	10	449	2202
SRR8492802	1	4	18	493	2439
SRR8492803	1	3	9	395	2117
SRR8492804	1	2	9	323	2129
SRR8492805	1	1	3	424	2400
SRR8492806	1	2	7	331	1971
SRR8492807	1	5	18	469	2330
SRR8492808	1	2	7	330	1971
SRR8492809	1	5	19	529	2551
SRR8492810	1	8	25	573	2626
SRR8492811	1	3	11	391	2348
SRR8492812	1	6	21	493	2517
SRR8492813	1	2	9	325	2144
SRR8492814	1	2	10	382	2205
SRR8492815	1	2	10	380	2210
SRR8492816	1	7	24	684	3095
SRR8492817	1	8	25	707	3093
SRR8492818	1	10	30	732	3167
SRR8492819	1	9	28	742	3140
SRR8492820	2	9	21	560	2449
SRR8492821	2	12	35	769	2938
SRR8492822	2	17	50	854	3086
SRR8492823	1	5	9	140	1016
SRR8492824	1	9	29	792	3301
SRR8492825	1	9	29	797	3332
SRR8492826	1	5	13	652	2991
SRR8492827	1	9	31	817	3248
SRR8502431	1	3	15	418	2447
SRR8502432	1	4	15	421	2465
SRR8503215	1	4	15	421	2456
SRR8526865	1	1	1	1	79
SRR8526866	1	1	1	589	4015
SRR8526867	1	1	1	1	115
SRR8526868	1	1	2	697	4085
SRR8526869	1	1	1	1	235
SRR8526870	1	1	1	439	3464
SRR8526871	1	1	1	1	256
SRR8526872	1	1	1	524	3697
SRR8526873	1	1	1	2	567
SRR8526874	1	1	2	664	4312
SRR8526875	1	1	1	1	249
SRR8526876	1	1	2	454	3782
SRR8526877	1	1	1	1	221
SRR8526878	1	2	3	397	3658
SRR8526879	1	1	1	1	312
SRR8526880	1	1	1	250	3005
SRR8526881	1	1	1	1	310
SRR8526882	1	1	3	699	4113
SRR8526883	1	1	1	2	379
SRR8526884	1	1	2	346	3463
SRR8526885	1	1	1	1	151
SRR8526886	1	1	3	720	4445
SRR8526887	1	1	1	1	2
SRR8526888	1	1	1	481	3663
SRR8526889	1	1	1	1	23
SRR8526890	1	1	1	231	2949
SRR8526891	1	1	1	1	45
SRR8526892	1	1	1	1	66
SRR8526893	1	1	1	1	12
SRR8526894	1	1	1	40	2278
SRR8526895	1	1	1	2	96
SRR8526896	1	1	1	13	1301
SRR8526897	1	1	1	2	6
SRR8526898	1	1	1	22	2019
SRR8526899	1	1	1	2	6
SRR8526900	1	1	1	7	1241
SRR8526901	1	1	1	2	9
SRR8526902	1	1	1	1	412
SRR8526903	1	1	1	2	3
SRR8526904	1	1	1	5	1056
SRR8526905	1	1	1	1	3
SRR8526906	1	1	1	222	2795
SRR8526907	1	1	1	1	4
SRR8526908	1	1	1	190	2703
SRR10822540	1	1	2	32	640
SRR10822541	1	2	4	207	1987
SRR10822542	1	2	4	199	1821
SRR10822543	1	2	3	78	1710
SRR10822544	1	1	2	21	337
SRR10822545	1	1	3	116	1406
SRR10822546	1	2	5	288	2401
SRR10822547	1	2	5	283	2705
SRR10822548	1	2	3	52	617
SRR10822549	1	2	4	185	1870
SRR10822550	1	1	1	12	279
SRR10822551	1	2	4	81	1427
SRR10822552	1	2	3	155	2092
SRR10822553	1	2	3	199	1980
SRR10822554	1	1	3	33	482
SRR10822555	1	2	4	79	1480
SRR10822556	1	2	4	399	3346
SRR10822557	1	2	4	65	715
SRR10822558	1	2	3	43	652
SRR10822559	1	2	4	153	1955
SRR10822560	1	1	2	32	560
SRR10822561	1	2	3	64	841
SRR10822562	1	2	3	101	1295
SRR10822563	1	2	3	101	1702
SRR10822564	1	2	4	285	2400
SRR10822565	1	3	6	249	2647
SRR10822566	1	2	4	48	563
SRR10822567	1	2	5	285	2723
SRR10822568	1	2	4	184	1864
SRR10822569	1	2	4	63	862
SRR10822570	1	1	2	22	551
SRR10822571	1	1	2	36	588
SRR10822572	1	2	3	76	1180
SRR10822573	1	1	2	70	1155
SRR10822574	1	2	3	83	1158
SRR10822575	1	5	10	406	2502
SRR10822576	1	4	9	347	2936
SRR10822577	1	4	8	337	2915
SRR10822578	1	3	8	351	2772
SRR10822579	1	4	10	460	3228
SRR10822580	1	2	5	277	2102
SRR10822581	1	4	9	438	2445
SRR10822582	1	3	10	464	2652
SRR10822583	1	2	6	371	2508
SRR10822584	1	3	7	361	2594
SRR10822585	1	3	9	313	2297
SRR10822586	1	3	8	332	2362
SRR10822587	1	3	7	392	3081
SRR10822588	1	2	5	184	1809
SRR10822589	1	3	9	422	2583
SRR10822590	1	4	10	375	2506
SRR10822591	1	4	9	364	2389
SRR10822592	1	4	9	471	2786
SRR10822593	1	3	7	381	2454
SRR10822594	1	2	5	480	3663
SRR10822595	1	2	5	432	3183
SRR10822596	1	4	9	359	2447
SRR10822597	1	2	6	378	2588
SRR10822598	1	1	2	242	2246
SRR10822599	1	4	8	320	2403
SRR10822600	1	2	6	406	2330
SRR10822601	1	4	8	357	2323
SRR10822602	1	3	6	303	2163
SRR10822603	3	29	113	2358	6201
SRR10822604	1	4	11	464	2659
SRR11809976	18	138	348	3831	9103
SRR11809977	18	140	348	3771	9041
SRR11809978	17	132	335	3687	8910
SRR11809979	15	129	330	3589	8723
SRR11809980	17	135	338	3701	8951
SRR11809981	17	135	341	3755	9054
SRR11809982	17	135	341	3646	8840
SRR11809983	14	123	319	3584	8796
SRR11809984	17	134	342	3733	8998
SRR11809985	17	134	340	3761	9037
SRR11809986	11	117	311	3526	8660
SRR11809987	17	137	345	3810	9113
SRR11809988	17	129	330	3705	8938
SRR11809989	17	135	342	3766	9032
SRR11809990	17	138	345	3766	9026
SRR11809991	18	136	346	3816	9086
SRR11809992	16	124	316	3514	8684
SRR11809993	17	133	340	3826	9132
SRR11809994	19	143	355	3860	9184
SRR11809995	17	129	322	3390	8304
SRR11809996	18	141	354	3872	9186
SRR11810003	16	133	339	3650	8849
SRR11810004	17	134	336	3671	8897
SRR11810005	11	117	320	3772	9086
SRR11810006	17	133	339	3662	8894
SRR11810007	12	123	320	3510	8579
SRR11810008	15	121	312	3490	8620
SRR11810009	17	133	333	3626	8832
SRR11810010	17	134	338	3626	8827
SRR11810011	18	140	349	3725	8935
SRR11810012	17	129	329	3712	8927
SRR11810013	17	133	337	3671	8891
SRR11810014	17	136	343	3685	8928
SRR11810015	17	134	340	3759	9031
SRR11810016	16	130	327	3587	8790
SRR11810017	18	138	345	3633	8804
SRR11810018	18	141	351	3812	9112
SRR11810019	18	141	353	3727	8946
SRR11810020	17	136	340	3699	8916
SRR11810021	18	135	335	3546	8635
SRR11810022	17	134	337	3574	8689
SRR11810023	18	139	350	3791	9099
SRR11810024	14	125	317	3473	8559
SRR11810025	18	134	336	3590	8729
SRR11810026	11	120	319	3707	8990
SRR11810027	17	131	335	3728	8981
SRR11810028	17	136	341	3772	9050
SRR11810029	18	130	323	3423	8392
SRR11810030	14	122	318	3589	8768
SRR11810031	18	139	347	3803	9079
SRR11810032	17	135	342	3723	8975
SRR11810033	17	134	338	3648	8875
SRR11810034	17	141	352	3822	9128
SRR11810035	16	131	333	3749	9063
SRR11810036	17	133	338	3740	8974
SRR11810037	16	133	335	3593	8722
SRR11810038	17	136	342	3777	9055
SRR11810039	15	116	299	3503	8653
SRR11810040	16	134	341	3735	9021
SRR11810041	17	132	336	3753	8996
SRR11810042	17	137	348	3838	9169
SRR11810043	16	136	339	3657	8860
SRR11810044	16	135	340	3776	9042
SRR11810045	12	127	331	3693	8940
SRR11810046	14	129	334	3769	9044
SRR11810047	17	127	327	3722	8984
SRR11810048	15	130	330	3632	8851
SRR11810049	12	120	323	3825	9168
SRR11810050	17	133	335	3559	8659
SRR11810051	17	135	342	3785	9050
SRR11810052	18	135	342	3784	9037
SRR11810053	17	137	348	3793	9079
SRR11810054	16	126	322	3639	8838
SRR11810055	17	132	335	3663	8908
SRR11810056	17	133	337	3765	9017
SRR11810057	18	135	345	3798	9070
SRR11810058	18	139	345	3692	8881
SRR11810059	18	142	356	3797	9055
SRR11810060	12	123	326	3751	9000
SRR11810061	17	137	345	3757	9026
SRR11810062	17	137	344	3651	8831
SRR11810063	18	138	346	3672	8879
SRR11810064	15	122	309	3468	8621
SRR11810065	18	135	332	3444	8392
SRR11810066	13	119	321	3798	9148
SRR11810067	17	132	334	3733	8979
SRR11810068	17	130	329	3713	8934
SRR11810069	11	124	323	3562	8682
SRR11810070	8	112	308	3689	8986
SRR11810071	17	133	336	3677	8899
SRR14506659	1	3	5	286	2148
SRR14506660	1	3	7	276	1891
SRR14506661	1	3	8	400	1982
SRR14506662	1	2	4	192	1341
SRR14506663	1	4	11	603	3105
SRR14506664	1	1	3	156	1320
SRR14506665	1	4	12	487	2531
SRR14506666	1	5	12	425	2404
SRR14506667	1	4	9	388	1807
SRR14506668	1	1	2	16	298
SRR14506669	1	1	2	22	372
SRR14506670	1	1	2	27	333
SRR14506671	1	1	2	36	409
SRR14506672	1	1	2	18	415
SRR14506673	1	1	2	16	304
SRR14506674	1	1	1	9	208
SRR14506675	1	1	2	21	349
SRR14506676	1	1	2	28	338
SRR14506677	1	1	2	21	426
SRR14506678	1	1	2	27	575
SRR14506679	1	1	1	8	202
SRR14506680	1	1	1	13	250
SRR14506681	1	1	2	34	452
SRR14506682	1	2	4	242	1959
SRR14506683	1	4	11	479	2618
SRR14506684	1	2	8	244	698
SRR14506685	1	2	3	130	1477
SRR14506686	1	3	7	305	2220
SRR14506687	1	6	15	361	1004
SRR14506688	1	3	8	400	2637
SRR14506689	1	1	2	41	716
SRR14506690	1	1	2	26	381
SRR14506691	1	1	2	17	289
SRR14506692	1	2	4	70	836
SRR14506693	1	1	2	31	372
SRR14506694	1	1	2	32	517
SRR14506695	1	1	2	16	351
SRR14506696	1	1	2	24	443
SRR14506697	1	1	2	13	269
SRR14506698	1	2	3	30	478
SRR14506699	1	1	1	9	156
SRR14506700	1	1	2	15	257
SRR14506701	1	2	4	51	523
SRR14506702	1	1	2	24	688
SRR14506703	1	2	3	78	1064
SRR14506704	1	1	2	17	276
SRR14506705	1	2	3	40	415
SRR14506706	1	1	2	30	500
SRR14506707	1	1	2	26	401
SRR14506708	1	1	2	18	350
SRR14506709	1	1	2	25	284
SRR14506710	1	2	4	57	568
SRR14506711	1	1	2	33	509
SRR14506712	1	1	1	5	2090
SRR14506713	1	1	2	18	279
SRR14506714	1	1	2	24	339
SRR14506715	1	1	2	19	309
SRR14506716	1	1	2	8	223
SRR14506717	1	1	1	5	46
SRR14506718	1	2	3	47	667
SRR14506719	1	1	2	36	570
SRR14506720	1	1	2	28	721
SRR14506721	1	2	3	46	571
SRR14506722	1	2	3	42	489
SRR14506723	1	1	2	20	496
SRR14506724	1	1	2	35	982
SRR14506725	1	2	3	261	2114
SRR14506726	1	3	7	413	2682
SRR14506727	1	1	3	234	1233
SRR14506728	1	2	6	225	891
SRR14506729	1	5	14	510	2341
SRR14506730	1	4	7	360	2336
SRR14506731	1	5	16	745	3759
SRR14506732	1	3	8	460	2578
SRR14506733	1	2	3	104	1709
SRR14506734	1	2	5	237	2558
SRR14506735	1	2	3	48	547
SRR14506736	1	5	12	686	3117
SRR14506737	8	72	222	2927	7372
SRR14506738	2	13	42	1109	3978
SRR14506739	2	44	175	3012	7862
SRR14506740	1	6	19	892	3348
SRR14506741	1	4	19	1109	4504
SRR14506742	1	6	16	743	3044
SRR14506743	2	9	28	842	3192
SRR14506744	1	2	7	390	2507
SRR14506745	3	65	232	3281	8107
SRR14506746	5	68	210	2784	7117
SRR14506747	6	69	204	2641	6814
SRR14506748	1	6	19	547	2333
SRR14506749	1	3	12	1128	3557
SRR14506750	1	3	38	1486	4293
SRR14506751	1	3	12	888	3044
SRR14506752	1	2	3	65	858
SRR14506753	1	1	1	3	10
SRR14506754	1	1	1	3	32
SRR14506755	1	1	3	28	397
SRR14506756	1	1	2	14	227
SRR14506757	1	1	1	13	277
SRR14506758	1	2	3	44	458
SRR14506759	1	1	2	23	296
SRR14506760	1	2	3	44	552
SRR14506761	1	2	3	43	571
SRR14506762	1	1	2	20	307
SRR14506763	1	1	2	15	334
SRR14506764	1	1	2	40	800
SRR14506765	1	1	2	16	108
SRR14506766	1	1	2	25	388
SRR14506767	1	1	2	19	342
SRR14506768	1	1	2	29	436
SRR14506769	1	2	3	50	594
SRR14506770	1	1	2	27	418
SRR14506771	1	1	2	19	369
SRR14506772	1	1	2	23	335
SRR14506773	1	1	2	14	321
SRR14506774	1	1	2	12	301
SRR14506775	1	1	2	17	326
SRR14506776	1	1	2	13	253
SRR14506777	1	2	3	68	763
SRR14506778	1	1	2	19	250
SRR14506779	1	1	3	37	467
SRR14506780	1	2	3	36	537
SRR14506781	1	1	2	16	304
SRR14506782	1	2	3	54	569
SRR14506783	1	1	2	46	968
SRR14506784	1	2	3	65	792
SRR14506785	1	2	4	81	1443
SRR14506786	1	1	2	18	358
SRR14506787	1	1	2	18	279
SRR14506788	1	1	3	33	448
SRR14506789	1	1	1	3	21
SRR14506790	1	1	2	21	277
SRR14506791	1	2	3	55	753
SRR14506792	1	2	3	40	356
SRR14506793	1	1	1	14	330
SRR14506794	1	1	1	6	49
SRR14506795	1	2	3	66	740
SRR14506796	1	2	4	64	692
SRR14506797	1	1	2	22	333
SRR14506798	1	1	1	3	11
SRR14506799	1	1	2	25	377
SRR14506800	1	1	1	10	571
SRR14506801	1	1	2	37	403
SRR14506802	1	2	3	42	378
SRR14506803	1	2	3	45	548
SRR14506804	1	1	1	11	189
SRR14506805	1	1	2	11	65
SRR14506806	1	1	2	39	854
SRR14506807	1	1	2	21	373
SRR14506808	1	1	2	32	425
SRR14506809	1	2	3	84	872
SRR14506810	1	1	2	18	391
SRR14506811	1	1	2	25	447
SRR14506812	1	1	2	24	379
SRR14506813	1	1	1	8	45
SRR14506814	1	1	2	36	526
SRR14506815	1	1	1	8	37
SRR14506816	1	2	4	66	543
SRR14506817	1	1	2	15	261
SRR14506818	1	1	2	52	889
SRR14506819	1	1	2	21	405
SRR14506820	1	1	2	17	350
SRR14506821	1	1	2	38	461
SRR14506822	1	2	4	116	1226
SRR14506823	1	1	1	4	18
SRR14506824	1	1	1	6	34
SRR14506825	1	1	2	13	370
SRR14506826	1	1	1	10	208
SRR14506827	1	1	2	13	229
SRR14506828	1	1	2	27	395
SRR14506829	1	1	2	14	351
SRR14506830	1	1	3	42	493
SRR14506831	1	2	3	53	683
SRR14506832	1	1	2	14	239
SRR14506833	1	1	1	13	449
SRR14506834	1	1	2	55	829
SRR14506835	1	1	2	17	421
SRR14506836	1	1	2	23	381
SRR14506837	1	1	2	25	400
SRR14506838	1	1	1	14	264
SRR14506839	1	1	2	22	430
SRR14506840	1	1	1	3	8
SRR14506841	1	2	3	36	397
SRR14506842	1	1	2	15	290
SRR14506843	1	3	6	267	2247
SRR14506844	1	4	9	382	2528
SRR14506845	1	4	8	380	2597
SRR14506846	1	1	1	9	423
SRR14506847	1	1	1	25	968
SRR14506848	1	1	1	12	340
SRR14506849	1	4	9	423	2612
SRR14506850	1	5	10	394	2541
SRR14506851	1	3	9	470	2763
SRR14506852	1	5	11	374	2549
SRR14506853	1	2	7	400	3049
SRR14506854	1	4	11	673	3239
SRR14506855	1	4	11	401	2490
SRR14506856	1	3	8	451	2679
SRR14506857	1	2	5	339	2457
SRR14506858	1	1	1	19	598
SRR14506859	1	1	1	162	1778
SRR14506860	1	1	1	4	207
SRR14506861	1	1	2	23	456
SRR14506862	1	1	2	32	464
SRR14506863	1	1	2	29	560
SRR14506864	1	1	2	23	536
SRR14506865	1	1	2	65	1041
SRR14506866	1	1	2	12	521
SRR14506867	1	1	2	17	416
SRR14506868	1	1	2	24	581
SRR14506869	1	2	3	84	1275
SRR14506870	1	1	2	34	452
SRR14506871	1	1	2	45	904
SRR14506872	1	1	2	33	760
SRR14506873	1	1	2	18	362
SRR14506874	1	1	2	20	520
SRR14506875	1	1	2	36	671
SRR14506876	1	4	8	527	2720
SRR14506877	1	2	5	203	1790
SRR14506878	1	4	10	534	2961
SRR14506879	1	1	1	1	7
SRR14506880	1	1	1	1	4
SRR14506881	1	1	1	56	1076
SRR14506882	1	1	1	51	179
SRR14506883	1	1	1	1	60
SRR14506884	1	1	1	32	218
SRR14506885	1	1	2	45	794
SRR14506886	1	1	2	15	342
SRR14506887	1	1	2	21	462
SRR14506888	1	2	3	60	641
SRR15618984	1	1	2	41	735
SRR15618985	1	4	9	353	2293
SRR15618986	1	1	2	144	1639
SRR15618987	1	4	8	285	2080
SRR15618988	1	1	2	254	2145
SRR15618989	1	3	7	159	1299
SRR15618990	1	1	3	184	1680
SRR15618991	1	2	4	193	1710
SRR15618992	1	2	4	234	1983
SRR15618993	1	2	3	96	1073
SRR15618994	1	2	3	101	1062
SRR15618995	1	2	5	263	2042
SRR15618996	1	4	10	445	2656
SRR15618997	1	2	4	137	1368
SRR15618998	1	3	8	372	2431
SRR15618999	1	2	3	182	1692
SRR15619000	1	2	5	201	1650
SRR15619001	1	2	6	207	1574
SRR15619002	1	3	5	301	2276
SRR15619003	1	1	2	38	830
SRR15619004	1	1	2	46	701
SRR15619005	1	3	9	338	2342
SRR15619006	1	3	8	312	2184
SRR15619007	1	2	5	236	1956
SRR15619008	1	2	6	266	2071
SRR15619009	1	1	2	101	1276
SRR15619010	1	2	4	122	1154
SRR15619011	1	4	9	368	2026
SRR15619012	1	5	14	494	2638
SRR15619013	1	2	4	68	675
SRR15619014	1	3	7	301	2068
SRR15619015	1	3	7	354	2273
SRR15619016	1	2	4	98	1284
SRR15619017	1	2	3	98	1003
SRR15619018	1	3	7	344	2216
SRR15619019	1	1	2	35	697
SRR15619020	1	2	3	156	1650
SRR15619021	1	2	4	72	764
SRR15619022	1	1	2	85	1259
SRR15619023	1	1	2	73	910
SRR15619024	1	3	7	304	2174
SRR15619025	1	1	2	100	1341
SRR15619026	1	5	11	353	2406
SRR15619027	1	4	8	329	2274
SRR15619028	1	2	4	124	1145
SRR15619029	1	2	3	138	1479
SRR15619030	1	2	4	219	1929
SRR15619031	1	1	2	57	990
SRR15619032	1	2	4	139	1412
SRR15619033	1	3	12	463	2569
SRR15619034	1	3	8	301	2168
SRR15619035	1	1	2	38	486
SRR15619036	1	1	2	47	1156
SRR15619037	1	2	3	273	2110
SRR15619038	1	1	2	86	1277
SRR15619039	1	1	2	21	359
SRR15619040	1	2	4	234	1998
SRR15619041	1	2	5	318	1996
SRR15619042	1	2	3	73	903
SRR15619043	1	2	4	212	1727
SRR15619044	1	1	2	65	1077
SRR15619045	1	1	3	62	923
SRR15619046	1	2	5	215	1682
SRR15619047	1	1	2	49	804
SRR15619048	1	1	3	60	820
SRR15619049	1	2	4	196	1648
SRR15619050	1	4	8	355	2337
SRR15619051	1	1	2	66	1006
SRR15619052	1	4	9	433	2465
SRR15619053	1	1	3	126	1419
SRR15619054	1	2	3	82	1026
SRR15619055	1	1	3	48	762
SRR15619056	1	2	5	312	2220
SRR15619057	1	2	4	111	1342
SRR15619059	1	1	2	111	1421
SRR15619060	1	1	2	35	651
SRR15619061	1	1	1	32	850
SRR15619062	1	1	2	20	449
SRR15619063	1	1	2	81	1224
SRR15619064	1	1	2	65	878
SRR15619065	1	2	5	276	2036
SRR15619066	1	1	2	30	835
SRR15619067	1	1	2	22	511
SRR15619068	1	1	2	108	1411
SRR15619069	1	2	4	159	1413
SRR15619070	1	1	2	44	759
SRR15619071	1	1	2	26	388
SRR15619072	1	2	4	145	1428
SRR15619073	1	2	3	53	688
SRR16575143	1	2	3	54	603
SRR16575144	1	1	1	13	140
SRR16575145	1	1	2	25	361
SRR16575146	1	1	2	14	365
SRR16575147	1	1	2	16	476
SRR16575148	1	1	2	23	429
SRR16575149	1	1	2	44	536
SRR16575150	1	1	2	14	271
SRR16575151	1	1	1	12	190
SRR16575152	1	1	1	15	239
SRR16575153	1	1	2	14	253
SRR16575154	1	1	1	10	176
SRR16575155	1	1	2	21	556
SRR16575156	1	2	3	57	649
SRR16575157	1	1	2	29	364
SRR16575158	1	1	2	19	364
SRR16575159	1	1	2	23	531
SRR16575160	1	1	2	41	823
SRR16575161	1	5	10	452	2479
SRR16575162	1	1	2	39	641
SRR16575163	1	2	3	43	436
SRR16575164	1	1	1	12	222
SRR16575165	1	1	2	10	192
SRR16575166	1	2	3	50	499
SRR16575167	1	1	1	4	26
SRR16575168	1	2	4	71	601
SRR16575169	1	2	3	46	440
SRR16575170	1	1	1	9	259
SRR16575171	1	1	2	30	478
SRR16575172	1	1	2	19	428
SRR16575173	1	1	2	23	739
SRR16575174	1	2	3	43	468
SRR16575175	1	1	2	29	406
SRR16575176	1	1	2	21	618
SRR16575177	1	1	2	23	323
SRR16575178	1	1	2	26	372
SRR16575179	1	1	2	17	271
SRR16575180	1	2	3	37	466
SRR16575181	1	2	3	66	949
SRR16575182	1	1	2	15	282
SRR16575183	1	1	2	32	661
SRR16575184	1	2	3	51	615
SRR16575185	1	1	2	14	274
SRR16575186	1	1	1	9	246
SRR16575187	1	1	1	13	247
SRR16575188	1	1	2	41	522
SRR16575189	1	1	2	21	474
SRR16575190	1	1	2	80	1279
SRR16575191	1	1	2	27	829
SRR16575192	1	1	2	19	621
SRR16575193	1	2	3	80	945
SRR16575194	1	1	2	84	1187
SRR16575195	1	1	2	83	1593
SRR16575196	1	2	4	115	1167
SRR16575197	1	3	7	631	4528
SRR16575198	1	2	5	196	1801
SRR16575199	1	1	2	27	470
SRR16575200	1	2	4	150	1579
SRR16575201	1	2	3	44	516
SRR16575202	1	2	5	139	1314
SRR16575203	1	2	3	56	716
SRR16575204	1	2	4	87	917
SRR16575205	1	2	5	152	1448
SRR16575206	1	2	3	135	1597
SRR16575207	1	2	5	137	1363
SRR16575208	1	2	4	142	1510
SRR16575209	1	2	4	121	1378
SRR16575210	1	2	4	103	1083
SRR16575211	1	2	4	186	1775
SRR16575212	1	1	2	61	1013
SRR16575213	1	1	2	42	620
SRR16575214	1	1	3	88	1150
SRR16575215	1	1	2	44	847
SRR16575216	1	1	2	29	586
SRR16575217	1	2	4	76	999
SRR16575218	1	1	2	15	392
SRR16575219	1	1	2	24	320
SRR16575220	1	2	3	125	1513
SRR16575221	1	1	2	51	887
SRR16575222	1	2	3	45	595
SRR16575223	1	1	2	46	834
SRR16575224	1	2	3	61	936
SRR16575225	1	1	2	47	817
SRR16575226	1	1	2	37	584
SRR16575227	1	1	2	21	450
SRR16575228	1	2	3	119	1374
SRR16575229	1	1	3	65	760
SRR16575230	1	2	3	56	599
SRR16575231	1	1	2	44	777
SRR16575232	1	1	2	23	573
SRR16575233	1	1	2	42	636
SRR16575234	1	1	2	16	239
SRR16575235	1	1	2	27	501
SRR16575236	1	1	3	45	565
SRR16575237	1	1	3	35	447
SRR16575238	1	1	2	18	443
SRR16575239	1	1	2	25	413
SRR16575240	1	1	2	25	333
SRR16575241	1	1	2	29	393
SRR16575242	1	1	1	7	141
SRR16575243	1	2	3	45	482
SRR16575244	1	1	2	15	239
SRR16575245	1	1	2	38	904
SRR16575246	1	1	2	75	1338
SRR16575247	1	2	3	68	976
SRR16575248	1	2	3	46	498
SRR16575249	1	2	3	47	809
SRR16575250	1	2	3	44	566
SRR16575251	1	2	3	43	551
SRR16575252	1	1	2	40	727
SRR16575253	1	1	2	22	363
SRR16575254	1	1	2	27	350
SRR16575255	1	2	3	61	712
SRR16575256	1	1	2	21	374
SRR16575257	1	1	2	18	380
SRR16575258	1	1	2	28	534
SRR16575259	1	1	1	22	4804
SRR16575260	1	1	1	15	262
SRR16575261	1	1	2	19	254
SRR16575262	1	1	2	13	338
SRR16575263	1	1	2	47	850
SRR16575264	1	1	2	15	300
SRR16575265	1	1	2	19	427
SRR16575266	1	2	3	48	613
SRR16575267	1	1	3	53	780
SRR16575268	1	1	1	15	333
SRR16575269	1	1	2	28	551
SRR17332994	1	1	2	18	329
SRR17332995	1	1	2	15	295
SRR17332996	1	1	1	11	222
SRR17332997	1	2	3	102	1354
SRR17332998	1	1	2	29	598
SRR17332999	1	2	4	196	1891
SRR17333000	1	1	3	41	521
SRR17333001	1	1	2	23	414
SRR17333002	1	2	4	166	1781
SRR17333003	1	1	2	24	485
SRR17333004	1	1	2	66	1167
SRR17333005	1	1	2	72	1296
SRR17333006	1	1	3	134	1683
SRR17333007	1	1	3	120	1443
SRR17333008	1	1	3	55	876
SRR17333009	1	1	2	22	695
SRR17333010	1	1	2	93	1291
SRR17333011	1	2	4	115	1320
SRR17333012	1	1	2	17	355
SRR17333013	1	1	2	22	383
SRR17333014	1	3	8	227	1472
SRR17333015	1	2	6	271	1682
SRR17333016	1	3	8	187	1366
SRR17333017	1	2	5	161	1270
SRR17333018	1	4	11	398	2457
SRR17333019	1	3	8	321	2093
SRR17333020	1	3	9	356	2378
SRR17333021	1	4	10	372	2449
SRR17333022	1	2	5	174	1352
SRR17333023	1	5	13	400	2474
SRR17333024	1	3	7	379	2663
SRR17333025	1	4	12	458	2492
SRR17333026	1	6	19	645	2577
SRR17333027	1	1	2	36	631
SRR17333028	1	3	8	339	1990
SRR17333029	1	3	7	346	2217
SRR17333030	1	3	7	244	1803
SRR17333031	1	4	11	482	2237
SRR17333032	1	3	8	332	2154
SRR17333033	1	2	6	211	1600
SRR17333034	1	3	8	270	1919
SRR17333035	1	3	9	464	2593
SRR17333036	1	4	11	371	2247
SRR17333037	1	1	4	264	2037
SRR17333038	1	1	3	95	1208
SRR17333039	1	3	8	332	2367
SRR17333040	1	3	8	294	2160
SRR17333041	1	2	7	387	2536
SRR17333042	1	3	7	197	1593
SRR17333043	1	2	5	158	1376
SRR17333044	1	3	8	475	2767
SRR17333045	1	3	10	401	2653
SRR17333046	1	2	5	148	1253
SRR17333047	1	5	16	644	3089
SRR17333048	1	3	7	371	2424
SRR17333049	1	2	4	218	2109
SRR17333050	1	4	11	395	2383
SRR17333051	1	2	6	234	1945
SRR17333052	1	1	3	136	1642
SRR17333053	1	1	3	293	1924
SRR17333054	1	2	3	214	1677
SRR17333055	1	3	5	207	1800
SRR17333056	1	1	2	53	859
SRR17333057	1	2	4	191	1815
SRR17333058	1	2	3	124	1459
SRR17333059	1	1	2	63	1118
SRR17333060	1	1	2	17	489
SRR17333061	1	2	4	183	1888
SRR17333062	1	1	2	110	1662
SRR17333063	1	1	3	94	1199
SRR17333064	1	1	2	50	903
SRR17333065	2	9	26	913	3425
SRR17333066	1	2	4	180	1688
SRR17333067	1	1	3	44	635
SRR17333068	1	1	3	79	1142
SRR17333069	1	1	2	20	398
SRR17333070	1	1	2	23	476
SRR17333071	1	2	3	90	1095
SRR17333072	1	4	8	240	1743
SRR17333073	1	2	5	188	1709
SRR17333074	1	1	2	43	637
SRR17333075	1	2	5	141	1388
SRR17333076	1	2	3	63	845
SRR17333077	1	1	3	58	798
SRR17333078	1	1	2	49	707
SRR17333079	1	2	5	251	1904
SRR17333080	1	7	21	802	3297
SRR17333081	1	1	1	18	395
SRR17333082	1	2	3	249	1873
SRR17333083	1	2	4	239	1916
SRR17333084	1	1	2	155	1548
SRR17333085	1	3	7	235	1459
SRR17333086	1	3	6	199	1421
SRR17333087	1	4	11	380	1959
SRR17333088	1	2	3	266	2047
SRR17333089	1	3	9	341	1897
SRR17333090	1	4	10	661	3083
SRR17333091	1	2	4	124	1421
SRR17333092	1	2	3	110	1357
SRR17333093	1	2	4	194	1653
SRR17333094	1	1	3	90	1177
SRR17333095	1	1	2	18	516
SRR17333096	1	1	3	75	1111
SRR17333097	1	1	2	94	1307
SRR17333098	1	1	2	18	342
SRR17333099	1	2	3	87	1068
SRR17333100	1	1	2	41	552
SRR17333101	1	1	3	84	1110
SRR17333102	1	1	2	37	729
SRR17333103	1	2	4	130	1348
SRR17333104	1	2	4	128	1416
SRR17333105	1	3	5	237	1972
SRR17333106	1	1	2	23	403
SRR17333107	1	1	2	26	389
SRR17333108	1	2	4	117	1266
SRR17333109	1	2	4	123	1296
SRR17333110	1	2	4	111	1211
SRR17333111	1	2	5	131	1329
SRR17333112	1	1	2	27	415
SRR17333113	1	2	3	63	1091
SRR17333114	1	1	3	38	479
SRR17333115	1	4	9	212	1312
SRR17333116	1	2	6	225	1501
SRR17333117	1	2	5	129	967
SRR17333118	1	2	5	152	1240
SRR17333119	1	2	4	154	1185
SRR17333120	1	3	6	145	988
SRR17333121	1	2	5	268	1726
SRR17333122	1	2	6	192	1172
SRR17333123	1	3	7	174	1374
SRR17333124	1	2	4	151	1255
SRR17333125	1	1	3	62	896
SRR17333126	1	2	4	70	865
SRR17333127	1	2	5	101	962
SRR17333128	1	2	5	139	1243
SRR17333129	1	3	6	136	1051
SRR17333130	1	2	4	96	997
SRR17333131	1	2	5	132	915
SRR17333132	1	3	5	147	1153
SRR17333133	1	3	5	222	1627
SRR17333134	1	3	7	202	1436
SRR17333135	1	3	6	152	1125
SRR17333136	1	1	2	64	931
SRR17333137	1	3	8	256	1443
SRR17333138	1	4	11	334	1976
SRR17333139	1	4	12	488	2569
SRR17333140	1	1	2	18	325
SRR17333141	1	8	22	651	2577
SRR17333142	1	3	8	285	2013
SRR17333143	1	3	7	386	2289
SRR17333144	1	3	7	253	1659
SRR17333145	1	3	7	228	1230
SRR17333146	1	5	11	360	2419
SRR17333147	1	5	11	291	1989
SRR17333148	1	3	8	274	1740
SRR17333149	1	4	9	208	1517
SRR17333150	1	4	8	189	1124
SRR17333151	1	2	4	135	1567
SRR17333152	1	2	4	178	1453
SRR17333153	1	2	4	134	993
SRR17333154	1	2	5	263	1697
SRR17333155	1	2	4	93	873
SRR17333156	1	3	6	156	1126
SRR17333157	1	2	5	162	1399
SRR17333158	1	2	5	152	1374
SRR17333159	1	3	7	175	1406
SRR17333160	1	3	5	327	1765
SRR17333161	1	3	6	205	1459
SRR17333162	1	3	5	222	1797
SRR17333163	1	2	5	226	1981
SRR17333164	1	2	4	133	1367
SRR17333165	1	2	3	158	1692
SRR17333166	1	2	4	124	1240
SRR17333167	1	2	5	228	1772
SRR17333168	1	2	5	155	1491
SRR17333169	1	1	2	29	408
SRR17333170	1	2	4	102	1152
SRR17333171	1	1	2	65	1100
SRR17333172	1	3	7	233	1942
SRR17333173	1	2	3	80	1015
SRR17333174	1	3	7	216	1753
SRR17333175	1	2	4	173	1545
SRR17333176	1	5	14	799	3213
SRR17333177	1	2	4	107	1347
SRR17333178	1	2	3	65	983
SRR17333179	1	1	2	38	978
SRR17333180	1	2	3	54	742
SRR17333181	1	1	2	25	579
SRR17333182	1	1	2	38	815
SRR17333183	1	1	3	56	922
SRR17333184	1	1	2	47	940
SRR17333185	1	1	2	46	859
SRR17333186	1	1	2	46	846
SRR17333187	1	1	2	39	899
SRR17333188	1	2	3	54	669
SRR17333189	1	1	3	39	492
SRR17333190	1	1	2	70	1211
SRR17333191	1	1	2	26	392
SRR17333192	1	1	2	35	459
SRR17333193	1	2	4	155	1626
SRR17333194	1	1	2	23	414
SRR17333195	1	2	4	124	1240
SRR17333196	1	3	6	424	2565
SRR17333197	1	1	2	54	1047
SRR17333198	1	1	2	36	570
SRR17333199	1	1	3	275	2077
SRR17333200	1	1	2	23	667
SRR17333201	1	1	2	46	889
SRR17333202	1	1	2	75	1191
SRR17333203	1	2	3	204	1848
SRR17333204	1	1	2	23	387
SRR17333205	1	1	2	17	289
SRR17333206	1	2	4	144	1615
SRR17333207	1	1	2	34	506
SRR17333208	1	1	2	20	321
SRR17333209	1	1	2	20	539
SRR17333210	1	1	4	261	1646
SRR17333211	1	2	4	157	1460
SRR17333212	1	2	6	184	1599
SRR17333213	1	3	6	193	1487
SRR17333214	1	3	7	274	1966
SRR17333215	1	7	23	724	2881
SRR17333216	1	2	4	144	1096
SRR17333217	1	3	9	471	2251
SRR17333218	1	1	4	421	2380
SRR17333219	1	1	2	35	857
SRR17333220	1	3	5	231	1979
SRR17333221	1	7	25	836	3227
SRR17333222	1	3	6	267	2045
SRR17333223	1	3	7	224	1734
SRR17333224	1	3	8	314	2118
SRR17333225	1	4	9	336	2383
SRR17333226	1	6	13	429	2269
SRR17333227	1	3	6	189	1332
SRR17333228	1	3	8	198	1453
SRR17333229	1	3	7	173	1224
SRR17333230	1	1	3	87	1109
SRR17333231	1	2	3	114	1183
SRR17333232	1	2	5	150	951
SRR17333233	1	3	6	194	1471
SRR17333234	1	1	2	34	665
SRR17333235	1	1	2	35	500
SRR17333236	1	1	3	56	1044
SRR17333237	1	1	1	12	286
SRR17333238	1	1	2	17	417
SRR17333239	1	1	1	11	198
SRR17333240	1	1	2	20	326
SRR17333241	1	2	4	163	1668
SRR17333242	1	1	2	31	570
SRR17333243	1	1	2	24	412
SRR17333244	1	1	2	14	328
SRR17333245	1	1	2	20	395
SRR17333246	1	1	2	20	399
SRR17333247	1	1	2	27	391
SRR17333248	1	1	3	74	964
SRR17333249	1	1	2	32	533
SRR17333250	1	1	2	33	437
SRR17333251	1	2	5	241	2065
SRR17333252	1	2	3	89	1328
SRR17333253	1	1	1	12	275
SRR17333254	1	1	2	61	1208
SRR17333255	1	1	2	88	1440
SRR17333256	1	2	5	296	2313
SRR17333257	1	1	2	48	761
SRR17333258	1	1	2	17	393
SRR17333259	1	1	3	100	1348
SRR17333260	1	1	2	25	601
SRR17333261	1	2	4	378	2397
SRR17333262	1	1	2	54	880
SRR17333263	1	2	4	149	1255
SRR17333264	1	1	2	28	568
SRR17333265	1	2	4	144	1667
SRR17333266	1	2	3	45	678
SRR17333267	1	2	3	69	969
SRR17333268	1	1	2	52	1218
SRR17333269	1	1	3	164	1809
SRR17333270	1	1	2	53	1268
SRR17333271	1	1	2	21	369
SRR17333272	1	1	2	17	454
SRR17333273	1	1	2	25	425
SRR17333274	1	2	3	84	1107
SRR17333275	1	1	3	58	968
SRR17333276	1	1	3	47	797
SRR17333277	1	1	2	27	562
SRR17333278	1	1	1	15	440
SRR17333279	1	1	2	36	735
SRR17333280	1	1	1	10	193
SRR17333281	1	1	2	126	1570
SRR17333282	1	2	5	166	1343
SRR17333283	1	2	4	76	948
SRR17333284	1	3	7	176	1336
SRR17333285	1	2	4	190	1650
SRR17333286	1	2	6	184	1382
SRR17333287	1	2	5	159	1252
SRR17333288	1	3	6	138	1335
SRR17333289	1	1	3	167	1492
SRR17333290	1	2	4	146	1192
SRR17333291	1	5	13	521	2883
SRR17333292	1	2	7	391	2362
SRR17333293	1	5	12	492	2881
SRR17333294	1	1	3	46	592
SRR17333295	1	1	3	68	1084
SRR17333296	1	8	25	964	3639
SRR17333297	1	4	8	342	2240
SRR17333298	1	3	8	289	2006
SRR17333299	1	3	9	255	1759
SRR17333300	1	2	4	101	1135
SRR17333301	1	1	2	178	1710
SRR17333302	1	5	14	654	2985
SRR17333303	1	2	5	244	1820
SRR17333304	1	2	4	232	1729
SRR17333305	1	2	5	352	1986
SRR17333306	1	2	3	52	673
SRR17333307	1	2	4	129	1368
SRR17333308	1	2	4	176	1706
SRR17333309	1	3	7	202	1453
SRR17333310	1	3	6	160	1190
SRR17333311	1	3	7	158	1108
SRR17333312	1	2	4	177	1429
SRR17333313	1	1	3	212	1763
SRR17333314	1	3	6	196	1544
SRR17333315	1	4	9	248	1737
SRR17333316	1	2	4	114	951
SRR17333317	1	1	3	45	644
SRR17333318	1	2	6	159	1291
SRR17333319	1	3	6	137	989
SRR17333320	1	3	9	351	2310
SRR17333321	1	2	4	116	1240
SRR17333322	1	3	6	199	1698
SRR17333323	1	6	15	612	2791
SRR17333324	1	3	6	168	1341
SRR17333325	1	3	8	168	1395
SRR17333326	1	2	4	110	1033
SRR17333327	1	4	9	291	1979
SRR17333328	1	1	2	33	498
SRR17333329	1	3	8	267	1858
SRR17333330	1	1	2	26	701
SRR17333331	1	2	5	134	1484
SRR17333332	1	2	3	51	806
SRR17333333	1	2	3	61	989
SRR17333334	1	3	6	206	1691
SRR17333335	1	3	6	239	1822
SRR17333336	1	4	9	305	1782
SRR17333337	1	2	4	153	1494
SRR17333338	1	2	4	127	1351
SRR17333339	1	3	6	172	1517
SRR17333340	1	1	3	102	1226
SRR17333341	1	3	6	168	1559
SRR17333342	1	2	4	102	1180
SRR17333343	1	4	9	302	1957
SRR17333344	1	3	6	233	1839
SRR17333345	1	2	3	70	954
SRR17333346	1	1	2	63	915
SRR17333347	1	2	5	202	1514
SRR17333348	1	2	3	63	836
SRR17333349	1	2	4	159	1535
SRR17333350	1	2	3	82	1053
SRR17333351	1	1	3	113	1477
SRR17333352	1	2	4	163	1488
SRR17333353	1	3	6	182	1521
SRR17333354	1	2	4	170	1658
SRR17333355	1	2	4	160	1509
SRR17333356	1	2	4	138	1423
SRR17333357	1	2	3	91	1185
SRR17333358	1	2	4	78	958
SRR17333359	1	2	3	124	1400
SRR17333360	1	1	2	70	968
SRR17333361	1	4	8	243	1595
SRR17333362	1	1	3	56	948
SRR17333363	1	2	3	121	1424
SRR17333364	1	2	4	148	1700
SRR17333365	1	3	6	200	1729
SRR17333366	1	2	4	189	1718
SRR17333367	1	1	3	121	1587
SRR17333368	1	3	7	183	1507
SRR17333369	1	3	6	218	1739
SRR17333370	1	2	5	162	1700
SRR17333371	1	1	3	89	1191
SRR17333372	1	1	3	78	1156
SRR17333373	1	1	3	103	1405
SRR17333374	1	2	4	113	1240
SRR17333375	1	1	3	90	1149
SRR17333376	1	1	2	57	950
SRR17333377	1	4	9	262	1578
SRR17333378	1	2	5	306	2202
SRR17333379	1	3	7	248	1787
SRR17333380	1	3	6	238	1822
SRR17333381	1	3	7	243	1895
SRR17333382	1	2	6	333	2180
SRR17333383	1	3	6	191	1480
SRR17333384	1	2	4	164	1620
SRR17333385	1	3	5	176	1465
SRR17333386	1	2	5	182	1497
SRR17333387	1	1	2	70	1366
SRR17333388	1	2	3	110	1254
SRR17333389	1	2	4	151	1530
SRR17333390	1	2	3	103	1418
SRR17333391	1	5	12	375	2287
SRR17333392	1	2	5	241	1772
SRR17333393	1	1	2	19	323
SRR17333394	1	2	4	103	1265
SRR17333395	1	1	2	33	511
SRR17333396	1	2	3	121	1461
SRR17333397	1	1	2	30	623
SRR20968742	1	1	1	692	5045
SRR20968743	1	2	6	901	5098
SRR20968744	1	1	7	1777	6512
SRR20968745	1	1	3	1317	5822
SRR20968746	1	1	1	368	4149
SRR20968747	1	1	1	864	4760
SRR20968748	1	1	1	452	4173
SRR20968749	1	1	1	875	4825
SRR20968750	1	9	42	1635	5884
SRR20968751	1	2	7	975	4439
SRR20968752	1	3	15	1251	5033
SRR20968753	1	4	18	818	3385
SRR20968754	1	1	4	967	4330
SRR20968755	1	1	2	660	4405
SRR20968756	1	1	1	608	4604
SRR20968757	1	1	1	1094	5422
SRR20968758	1	4	11	453	2287
SRR20968759	1	2	7	1595	6082
SRR20968760	1	6	24	1331	4858
SRR20968761	1	1	2	764	4717
SRR20968762	1	2	4	850	5045
SRR20968763	1	1	1	559	4283
SRR20968764	1	2	7	717	2989
SRR20968765	1	1	3	875	5017
SRR20968766	1	1	2	866	3846
SRR20968767	1	1	3	921	4023
SRR20968768	1	1	3	816	4897
SRR20968769	2	10	27	463	1594
SRR20968770	1	4	21	1421	5516
SRR20968771	1	1	1	638	4743
SRR20968772	1	7	28	1460	5508
SRR20968773	1	2	3	1143	5428
SRR20968774	1	4	20	1016	3682
SRR20968775	1	1	2	1290	5575
SRR20968776	1	4	30	1991	6601
SRR20968777	1	2	10	1334	5731
SRR20968778	1	1	1	718	4831
SRR20968779	1	2	3	1066	5289
SRR20968780	1	1	1	330	3950
SRR20968781	1	1	1	705	4540
SRR20968782	1	7	27	1511	5797
SRR20968783	1	4	13	1079	4399
SRR20968784	2	11	37	1267	5061
SRR20968785	1	3	13	946	4179
SRR20968786	1	1	14	1050	4779
SRR20968787	1	1	3	1741	6434
SRR20968788	1	11	55	2095	6787
SRR20968789	1	4	33	1998	6546
SRR20968790	1	1	3	1563	6082
SRR20968791	1	11	59	2260	6818
SRR20968792	1	4	18	808	3274
SRR20968793	1	3	12	1505	5988
SRR20968794	1	4	25	1716	6380
SRR20968795	1	3	13	1430	5195
SRR20968796	1	2	5	1331	5857
SRR20968797	1	2	13	1517	6062
SRR20968798	1	7	33	1821	6061
SRR20968799	1	2	8	1386	5863
SRR22500469	1	4	11	2043	7425
SRR22507563	1	6	31	2669	7661
SRR22507564	2	19	84	1421	3792
SRR22507565	2	36	175	3000	7645
SRR22507566	2	28	152	3031	7851
SRR22507567	1	1	3	348	2797
SRR22528273	1	4	12	2276	7109
SRR22528274	5	67	227	3358	8408
SRR22533399	2	16	139	2922	7681
SRR22533400	2	8	49	2628	7471
SRR22533401	1	3	6	1330	6144
SRR22548958	2	10	48	2781	8079
SRR22548959	7	86	261	3327	8231
SRR22548960	2	26	179	3502	8770
SRR22548961	1	6	25	2794	8133
SRR22548962	1	1	2	35	931
SRR22548963	15	126	328	3620	8694
SRR22548964	1	2	5	764	5214
SRR22548965	2	16	64	2434	7027
SRR22548966	1	5	14	2230	6344
SRR22561270	1	2	3	173	1733
SRR22561271	1	2	3	342	4961
SRR22561272	1	5	16	2461	7639
SRR22561273	1	2	3	78	1924
SRR22561274	18	131	326	3446	8278
SRR22561275	15	116	294	3248	7999
SRR22561276	2	11	49	1384	3868
SRR22561277	1	4	14	480	2443
SRR22561278	1	3	7	329	1364
SRR24358155	1	1	1	1	2
SRR24358156	1	1	3	67	456
SRR24358157	1	1	1	3	46
SRR24358158	1	1	1	18	155
SRR24358159	1	1	2	36	388
SRR24358160	1	1	1	35	361
SRR24358161	1	1	1	10	107
SRR24358162	1	1	1	24	210
SRR24358163	1	1	1	18	224
SRR24358164	1	2	3	61	627
SRR24358165	1	1	1	17	128
SRR24358166	1	1	2	33	349
SRR24358167	1	1	1	10	183
SRR24358168	1	2	3	48	242
SRR24358169	1	1	2	26	233
SRR24358170	1	1	1	1	3
SRR24358171	1	1	1	28	316
SRR24358172	1	1	1	2	33
SRR24358173	1	1	2	35	196
SRR24358174	1	1	1	19	200
SRR24358175	1	1	2	45	761
SRR24358176	1	1	1	14	88
SRR24358177	1	1	1	1	2
SRR24358178	1	2	3	41	410
SRR24358179	1	1	1	2	37
SRR24358180	1	1	1	10	104
SRR24358181	1	2	3	61	627
SRR24358182	1	1	1	29	303
SRR24358183	1	1	1	17	128
SRR24358184	1	1	2	34	346
SRR24358185	1	1	1	10	184
SRR24358186	1	1	2	14	178
SRR24358187	1	1	2	13	177
SRR24358188	1	1	2	14	178
SRR24358189	1	1	2	45	2134
SRR24358190	1	1	2	46	2143
SRR24358191	1	1	2	44	2088
SRR24358192	1	1	2	39	1115
SRR24358194	1	1	2	38	1083
SRR24358195	1	1	2	39	1093
SRR24358196	1	1	1	26	282
SRR24358197	1	1	1	25	277
SRR24358198	1	1	1	26	279
SRR24358199	1	1	1	27	296
SRR24358200	1	1	1	27	286
SRR24358201	1	1	1	27	285
SRR24358202	1	1	1	12	133
SRR24358203	1	1	1	12	134
SRR24358205	1	1	1	12	134
SRR24358219	1	1	1	8	80
SRR24358220	1	1	1	8	80
SRR24358221	1	1	1	8	79
SRR24358226	1	2	3	27	124
SRR24358229	1	1	1	2	967
SRR24358230	1	1	1	2	954
SRR24358231	1	1	1	2	964
SRR24358237	1	2	3	27	123
SRR24358238	1	2	3	23	108
SRR25143496	1	1	2	76	1001
SRR25143497	1	2	3	103	1322
SRR25143498	1	1	1	32	589
SRR25143499	1	1	1	19	465
SRR25143500	1	1	1	6	505
SRR25143501	1	1	1	13	257
SRR25143502	1	1	1	13	179
SRR25143503	1	1	1	10	358
SRR25143504	1	1	3	79	981
SRR25143505	1	1	1	32	517
SRR25143506	1	1	1	52	807
SRR25143507	1	2	4	233	1619
SRR25143508	1	2	4	182	1344
SRR25143509	1	1	1	18	435
SRR25143510	1	1	2	99	1040
SRR25143511	1	1	1	31	557
SRR25143512	1	2	3	127	1115
SRR25143513	1	1	1	13	237
SRR25143514	1	1	3	161	1329
SRR25143515	1	1	1	9	108
SRR25143516	1	1	1	18	509
SRR25143517	1	1	2	150	1303
SRR25143518	1	1	1	47	857
SRR25143519	1	1	2	88	1022
SRR25143520	1	1	2	95	1032
SRR25143521	1	1	1	47	780
SRR25143522	1	1	3	192	1386
SRR25143523	1	2	4	272	1789
SRR25143524	1	1	1	75	1008
SRR25143525	1	2	3	98	731
SRR25143526	1	1	1	23	501
SRR25143527	1	1	1	14	315
SRRISOLATE_1817	1	2	7	715	3226
SRRISOLATE_1818	1	5	18	841	3366
SRRISOLATE_1821	1	4	14	815	3329
SRRISOLATE_1850	1	2	5	577	2887
SRRISOLATE_1854	1	3	11	823	3383
SRRISOLATE_1884	1	4	11	774	3302
SRRISOLATE_1888	1	1	3	484	2789
SRRISOLATE_1890	1	6	19	835	3358
SRRISOLATE_1894	1	1	2	403	2652
SRRISOLATE_1896	1	3	10	686	3062
SRRISOLATE_1900	1	6	20	901	3482
SRRISOLATE_1904	1	2	6	716	3260
SRRISOLATE_1906	1	2	4	629	3173
SRRISOLATE_1908	1	2	6	605	3006
SRRISOLATE_1912	1	6	23	890	3349
SRRISOLATE_1914	1	3	7	590	2929
SRRISOLATE_1916	1	2	8	758	3191
SRRISOLATE_1920	1	1	2	297	2296
SRRISOLATE_1922	1	5	21	760	3055
SRRISOLATE_1924	1	2	7	740	3186
SRRISOLATE_1926	1	2	5	688	3141
SRRISOLATE_1928	1	2	6	671	3170
SRRISOLATE_1932	1	2	7	741	3259
SRRISOLATE_1934	1	2	5	606	2981
SRRISOLATE_1936	1	4	14	782	3270
SRRISOLATE_1938	1	2	5	655	3082
SRRISOLATE_1940	1	1	2	255	2193
SRRISOLATE_1942	1	3	14	816	3361
SRRISOLATE_1944	1	2	3	432	2629
SRRISOLATE_1946	1	2	5	550	2942
SRRISOLATE_1948	1	3	12	842	3472
SRRISOLATE_1950	1	5	18	898	3462
SRRISOLATE_1952	1	1	3	432	2803
SRRISOLATE_1954	1	2	6	746	3476
SRRISOLATE_1956	1	3	8	640	3026
SRRISOLATE_1958	1	3	7	647	3103
SRRISOLATE_1960	1	2	7	711	3317
SRRISOLATE_1962	1	1	2	456	2780
SRRISOLATE_1978	1	1	2	399	2661
SRRISOLATE_2426	1	7	29	856	3290
SRRISOLATE_2497	1	6	14	415	2251
SRRISOLATE_2498	1	4	17	755	3166
SRRISOLATE_2499	1	2	5	275	1807
SRRISOLATE_2500	1	4	13	475	2475
SRRISOLATE_2502	1	3	8	258	1612
SRRISOLATE_2503	1	4	10	361	2187
SRRISOLATE_2504	1	3	9	421	2444
SRRISOLATE_2513	1	5	16	718	3100
SRRISOLATE_2514	1	4	16	803	3254
SRRISOLATE_2515	1	3	11	555	2670
SRRISOLATE_2516	1	4	15	668	3035
SRRISOLATE_2517	1	4	14	781	3310
SRRISOLATE_2518	1	3	9	614	2981
SRRISOLATE_2519	1	2	8	769	3294
SRRISOLATE_2520	1	3	7	180	1245
SRRISOLATE_2521	1	3	7	366	2247
SRRISOLATE_2522	1	2	8	618	2955
SRRISOLATE_2523	1	5	13	607	2868
SRRISOLATE_2524	1	3	10	674	3044
SRRISOLATE_2525	1	4	11	636	2766
SRRISOLATE_2526	1	6	25	896	3408
SRRISOLATE_2527	1	2	5	203	1675
SRRISOLATE_2529	1	3	11	740	3200
SRRISOLATE_2531	1	3	11	719	3113
SRRISOLATE_2532	1	3	9	677	3072
SRRISOLATE_2533	1	2	3	560	2882
SRRISOLATE_2534	1	2	5	488	2829
SRRISOLATE_2535	1	3	11	667	3019
SRRISOLATE_2536	1	6	15	656	2966
SRRISOLATE_2537	1	4	15	673	2847
SRRISOLATE_2538	1	2	4	450	2642
SRRISOLATE_2540	1	2	4	467	2676
SRRISOLATE_2541	1	3	10	724	3231
SRRISOLATE_2542	1	6	18	749	3146
SRRISOLATE_2549	1	3	9	569	2741
SRRISOLATE_2550	1	5	15	500	2554
SRRISOLATE_2551	1	2	6	311	2142
SRRISOLATE_2552	1	2	4	164	1449
SRRISOLATE_2553	1	5	13	620	2980
SRRISOLATE_2554	1	4	11	477	2553
SRRISOLATE_2555	1	3	7	622	3003
SRRISOLATE_2556	1	2	3	489	2770
SRRISOLATE_2557	1	3	13	742	3205
SRRISOLATE_2558	1	3	14	837	3349
SRRISOLATE_2559	1	2	4	610	3019
SRRISOLATE_2560	1	2	6	571	2864
SRRISOLATE_2561	1	4	14	687	3032
SRRISOLATE_2562	1	6	23	834	3220
SRRISOLATE_2563	1	2	5	508	2768
SRRISOLATE_2564	1	4	17	835	3316
SRRISOLATE_2566	1	2	3	245	1987
SRRISOLATE_2567	1	3	11	720	3148
SRRISOLATE_2568	1	4	13	728	3098
SRRISOLATE_2569	1	3	11	689	3095
SRRISOLATE_2570	1	3	8	687	3142
SRRISOLATE_2572	1	2	8	740	3157
SRRISOLATE_2576	1	3	12	774	3195
SRRISOLATE_2577	1	4	15	697	3099
SRRISOLATE_2578	1	5	15	727	3164
SRRISOLATE_2579	1	2	5	657	3121
SRRISOLATE_3223	1	3	12	774	3229
SRRISOLATE_3225	1	5	21	894	3412
SRRISOLATE_3226	1	3	10	416	2284
SRRISOLATE_3227	1	3	8	322	2143
SRRISOLATE_3228	1	5	12	411	2207
SRRISOLATE_3229	1	2	5	195	1403
SRRISOLATE_3231	1	4	10	485	2629
SRRISOLATE_3237	1	3	8	268	1708
SRRISOLATE_3240	1	2	5	585	3009
SRRISOLATE_3243	1	2	3	214	1842
SRRISOLATE_3246	1	3	11	768	3326
SRRISOLATE_3248	1	3	13	712	3150
SRRISOLATE_3257	1	3	12	1100	4985
SRRISOLATE_3260	1	4	13	493	2583
SRRISOLATE_3264	1	4	15	831	3375
SRRISOLATE_3267	1	4	12	584	2826
SRRISOLATE_3272	1	4	10	532	2735
SRRISOLATE_3295	1	5	15	581	2807
SRRISOLATE_3335	1	3	11	787	3267
SRRISOLATE_3347	1	4	11	497	2524
SRRISOLATE_3350	1	3	8	665	3076
SRRISOLATE_3353	1	6	20	797	3241
SRRISOLATE_3356	1	3	10	595	2930
SRRISOLATE_3359	1	1	3	298	2383
SRRISOLATE_3362	1	5	15	371	1977
SRRISOLATE_3364	1	2	5	600	3009
SRRISOLATE_3368	1	4	11	589	2890
SRRISOLATE_3371	1	4	12	556	2703
SRRISOLATE_5644	1	2	5	610	3007
SRRISOLATE_5645	1	5	22	893	3476
SRRISOLATE_5647	1	4	15	831	3376
SRRISOLATE_5649	1	3	10	750	3236
SRRISOLATE_5650	1	5	14	687	3051
SRRISOLATE_5651	1	6	21	844	3380
SRRISOLATE_5652	1	7	22	891	3426
SRRISOLATE_5653	1	5	19	793	3151
SRRISOLATE_5654	1	6	21	885	3408
SRRISOLATE_5655	1	5	17	871	3464
SRRISOLATE_5656	1	2	6	608	2930
SRRISOLATE_5657	1	5	18	860	3343
SRRISOLATE_5658	1	4	12	587	2816
SRRISOLATE_5660	1	4	14	785	3246
SRRISOLATE_5661	1	4	12	756	3369
SRRISOLATE_5664	1	5	16	854	3479
SRRISOLATE_5665	1	5	18	875	3433
SRRISOLATE_5666	1	6	21	864	3342
SRRISOLATE_5668	1	2	3	416	2528
SRRISOLATE_5669	1	6	22	889	3445
SRRISOLATE_5672	1	3	12	712	3105
SRRISOLATE_5673	1	4	12	667	3076
SRRISOLATE_5683	1	7	24	871	3366
SRRISOLATE_5702	1	3	11	574	2809
SRRISOLATE_5706	1	4	17	844	3388
SRRISOLATE_5767	1	3	11	825	3327
SRRISOLATE_5784	1	7	27	925	3459
SRRISOLATE_11174	1	2	4	401	2248
SRRISOLATE_11178	1	2	3	527	2821
SRRISOLATE_11182	1	4	10	446	2427
SRRISOLATE_11186	1	4	12	620	2959
SRRISOLATE_11190	1	1	2	259	2106
SRRISOLATE_11194	1	5	15	550	2709
SRRISOLATE_11198	1	3	11	685	3086
SRRISOLATE_11202	1	3	11	523	2596
SRRISOLATE_11206	1	2	9	617	2877
SRRISOLATE_11210	1	5	15	607	2829
SRRISOLATE_11214	1	5	15	602	2852
SRRISOLATE_11218	1	5	13	561	2691
SRRISOLATE_11222	1	3	9	324	2005
SRRISOLATE_11226	1	6	18	761	3128
SRRISOLATE_11230	1	3	10	485	2529
SRRISOLATE_11234	1	3	7	180	1200
SRRISOLATE_11238	1	2	6	618	2889
SRRISOLATE_11242	1	2	4	435	2511
SRRISOLATE_11246	1	3	7	244	1643
SRRISOLATE_11250	1	4	10	362	1887
SRRISOLATE_11254	1	3	6	324	2118
SRRISOLATE_11262	1	2	5	563	2631
SRRISOLATE_11266	1	4	11	444	2219
SRRISOLATE_11270	1	4	13	578	2709
SRRISOLATE_11274	1	4	11	411	2332
SRRISOLATE_11278	1	3	8	353	2094
SRRISOLATE_11282	1	3	8	314	1990
SRRISOLATE_11286	1	4	17	627	2883
SRRISOLATE_11290	1	2	7	526	2605
SRRISOLATE_11294	1	2	8	518	2606
SRRISOLATE_11298	1	3	6	350	2135
SRRISOLATE_11302	1	4	13	687	2998
SRRISOLATE_11306	1	3	6	263	1845
SRRISOLATE_11310	1	3	8	376	1987
SRRISOLATE_11314	1	2	8	347	2143
SRRISOLATE_11318	1	7	20	636	2781
SRRISOLATE_11322	1	3	10	636	2909
SRRISOLATE_11326	1	3	12	598	2665
SRRISOLATE_11330	1	4	11	473	2521
SRRISOLATE_11334	1	3	9	603	2835
SRRISOLATE_11338	1	4	11	448	2284
SRRISOLATE_11342	1	2	5	442	2444
SRRISOLATE_11346	1	3	5	404	2481
SRRISOLATE_11350	1	2	3	181	1816
SRRISOLATE_11354	1	2	4	426	2536
SRRISOLATE_11358	1	1	1	154	1816
SRRISOLATE_11362	1	2	6	281	1927
SRRISOLATE_11366	1	3	11	570	2793
SRRISOLATE_11370	1	3	10	521	2687
SRRISOLATE_11374	2	24	140	3231	8386
SRRISOLATE_11378	1	5	18	726	3033
SRRISOLATE_11382	1	2	6	432	2281
SRRISOLATE_11386	1	3	9	351	2131
SRRISOLATE_11390	1	3	6	346	2177
SRRISOLATE_11394	1	3	8	679	3012
SRRISOLATE_11398	1	1	3	246	1842
SRRISOLATE_11402	1	2	10	706	2916
SRRISOLATE_11406	1	3	8	354	2217
SRRISOLATE_11410	1	3	8	273	1721
SRRISOLATE_11414	1	4	9	302	1883
SRRISOLATE_17906	1	3	8	405	2319
SRRISOLATE_17921	1	3	11	683	3153
SRRISOLATE_17922	1	2	7	569	2832
SRRISOLATE_17923	1	5	18	875	3421
SRRISOLATE_17924	1	5	21	875	3358
SRRISOLATE_17925	1	6	14	614	2850
SRRISOLATE_17926	1	8	30	919	3382
SRRISOLATE_17927	1	2	6	630	3026
SRRISOLATE_17928	1	3	10	636	3005
SRRISOLATE_17929	1	2	4	538	2788
SRRISOLATE_17930	1	4	12	721	3156
SRRISOLATE_17931	1	2	6	579	2892
SRRISOLATE_17932	1	3	7	265	1768
SRRISOLATE_17933	1	1	2	379	2535
SRRISOLATE_17934	1	4	13	504	2524
SRRISOLATE_17937	1	2	9	607	2937
SRRISOLATE_17938	1	2	3	106	1365
SRRISOLATE_17940	1	2	5	331	2173
SRRISOLATE_17942	1	3	8	562	2892
SRRISOLATE_17943	1	4	12	492	2489
SRRISOLATE_17944	1	6	18	780	3227
SRRISOLATE_17946	1	3	11	516	2655
SRRISOLATE_17947	1	2	5	283	2154
SRRISOLATE_17948	1	2	5	296	2423
SRRISOLATE_17949	1	4	14	627	2749
SRRISOLATE_17950	1	4	9	456	2766
SRRISOLATE_17951	1	3	11	610	2605
SRRISOLATE_17953	1	4	12	643	3033
X2831	1	3	11	467	2292
X2835	1	2	10	465	2566
X3391	1	4	12	479	2438
X3392	1	3	10	468	2455
X3752	1	4	15	507	2428
X3770	1	4	18	538	2573
X3817	1	3	9	402	2509
X3823	1	4	15	507	2612
X3827	1	3	11	366	2167
X3833	1	4	17	520	2700
X4253	1	3	11	441	2503
X4269	1	3	8	437	2620
X4275	1	5	19	595	2942
X4363	1	3	12	397	2401
X9709	1	3	14	499	2630
X9737	1	2	4	312	2103
X9760	1	3	11	399	2402
X10648	1	2	8	493	2635
X10651	1	2	12	484	2511
X10657	1	2	10	432	2318
X10659	1	4	14	524	2573
X10663	1	6	20	604	2722
X10730	1	2	7	344	2377
X10740	1	4	17	514	2749
X10758	1	4	15	540	2703
X10770	1	4	14	445	2546
X10772	1	4	11	418	2493
X10774	1	5	17	486	2740
X10778	1	4	15	546	2775
X10782	1	2	9	401	2438
X10790	1	3	7	378	2460
X10792	1	3	14	451	2406
X12687	1	5	17	535	2722
X12768	1	5	15	436	2694
X12771	1	3	15	416	2625
X12772	1	5	22	598	2836
X12773	1	3	7	364	2228
X12775	1	4	14	382	2413
X12776	1	3	13	454	2512
X12777	1	4	11	399	2437
X12779	1	4	8	283	2171
X12780	1	5	15	486	2785
X12783	1	6	22	597	2875
X12784	1	4	12	427	2505
X12785	1	5	14	463	2407
X12786	1	3	14	500	2462
X12787	1	2	7	327	2185
X12788	1	3	11	427	2472
X12789	1	4	14	455	2247
X12790	1	5	17	530	2681
X12792	1	5	13	431	2028
X12793	1	4	16	415	2416
X12794	1	3	12	475	2548
X12795	1	5	14	478	2629
X12796	1	4	16	524	2692
X12797	1	4	15	430	2501
X12798	1	5	15	440	2657
X12799	1	5	17	513	2707
X12800	1	6	19	489	2519
X12802	1	5	17	508	2741
X12803	1	5	17	515	2711
X12804	1	4	16	462	2455
X12805	1	2	6	398	2438
X12806	1	2	4	293	2201
X12807	1	2	8	341	2132
X12808	1	4	15	483	2847
X12819	1	4	14	468	2472
X12824	1	5	18	532	2536
X12829	1	5	18	481	2424
X12835	1	6	16	505	2631
X12841	1	2	10	386	2261
X12846	1	5	17	485	2491
X12852	1	4	14	427	2261
X12858	1	2	10	382	2238
X12864	1	4	16	441	2470
X12882	1	4	13	468	2583
X12883	1	4	14	462	2637
X12884	1	4	13	427	2535
X12885	1	5	21	535	2728
X12886	1	5	18	510	2704
X12887	1	3	13	455	2585
X12888	1	4	15	523	2626
X12889	1	4	15	436	2470
X12890	1	5	19	618	2838
X12891	1	3	8	452	2575
X12892	1	3	6	306	2089
X12893	1	5	17	520	2818
X12894	1	4	16	495	2824
X12895	1	5	19	650	3038
X12897	1	4	16	505	2712
X12898	1	4	15	474	2629
X12899	1	2	11	378	2334
X12900	1	4	14	554	2986
X12901	1	5	17	514	2887
X12902	1	4	13	475	2772
X12903	1	3	12	461	2577
X12905	1	6	20	551	2869
X12906	1	3	13	431	2504
X12907	1	3	13	435	2533
X12908	1	5	15	462	2769
X12909	1	3	15	475	2631
X12910	1	5	18	460	2623
X12911	1	5	18	465	2567
X12912	1	4	11	416	2534
X12913	1	4	18	510	2870
X12914	1	4	15	568	2894
X12915	1	3	12	423	2571
X12916	1	4	13	514	2743
X12917	1	3	9	366	2283
X12918	1	5	20	534	2814
X12920	1	3	17	484	2577
X12921	1	5	15	466	2767
X12922	1	4	12	470	2591
X12924	1	4	16	446	2550
X12925	1	4	14	394	2504
X12926	1	4	17	540	2931
X12927	1	5	17	439	2609
X12928	1	3	15	474	2670
X12929	1	3	14	577	3091
X12930	1	5	19	550	2830
X12931	1	4	15	476	2731
X12932	1	7	22	502	2611
X12933	1	4	15	473	2675
X12934	1	6	17	511	2736
X12935	1	5	18	506	2709
X12936	1	4	16	516	2850
X12937	1	5	18	548	2856
X12938	1	5	20	541	2803
X12939	1	5	19	542	2866
X12941	1	6	23	648	3082
X12942	1	5	14	477	2643
X12943	1	5	20	581	2865
X12944	1	6	19	509	2787
X12945	1	5	18	526	2834
X12946	1	3	13	460	2793
X12947	1	4	9	339	2263
X12948	1	5	15	465	2580
X12949	1	4	18	475	2684
X12950	1	6	21	608	2992
X12951	1	5	16	471	2600
X12952	1	3	13	455	2609
X12954	1	5	19	568	2826
X12955	1	5	15	495	2751
X12956	1	4	16	483	2716
X12957	1	5	18	568	2901
X12958	1	4	18	521	2764
X12959	1	6	22	582	2848
X12960	1	3	12	435	2611
X12961	1	5	18	459	2618
X12962	1	3	8	425	2609
X12963	1	4	13	478	2808
X12964	1	4	15	396	2619
X12965	1	6	20	510	2659
X12966	1	5	14	458	2583
X12967	1	4	16	544	2766
X12968	1	4	13	478	2869
X12969	1	3	11	414	2433
X12970	1	4	15	421	2419
X12971	1	4	16	425	2315
X12972	1	4	15	589	3229
X12973	1	5	17	512	2778
X12974	1	3	14	421	2479
X12975	1	7	20	556	2519
X12976	1	4	19	580	2958
X12977	1	3	6	433	2580
X12978	1	4	15	491	2678
X12979	1	3	10	447	2649
X12981	1	3	13	433	2292
X12982	1	4	14	555	2901
X12983	1	4	18	566	2901
X12984	1	4	15	485	2749
X12985	1	2	5	295	2203
X12986	1	5	18	506	2712
X12987	1	3	10	382	2277
X12988	1	3	12	434	2558
X12990	1	4	18	515	2739
X12991	1	5	15	488	2682
X12992	1	4	15	520	2834
X12994	1	4	14	517	2734
X12996	1	5	17	565	2803
X12997	1	7	25	779	3433
X12998	1	6	21	551	2827
X13000	1	2	10	417	2417
X13001	1	4	11	451	2640
X13002	1	5	20	533	2666
X13003	1	4	17	489	2710
X13004	1	4	17	557	2859
X13005	1	4	15	484	2394
X13006	1	5	18	513	2624
X13007	1	3	10	446	2690
X13008	1	4	15	446	2604
X13009	1	5	15	494	2830
X13010	1	4	16	515	2655
X13011	1	4	16	441	2568
X13013	1	4	15	506	2747
X13014	1	4	18	578	2929
X13015	1	3	11	434	2665
X13016	1	5	18	427	2345
X13017	1	2	8	334	2146
X13018	1	4	16	497	2657
X13019	1	4	15	500	2699
X13020	1	3	7	414	2438
X13021	1	8	25	624	2845
X13022	1	4	14	501	2726
X13023	1	3	11	369	2145
X13024	1	5	19	542	2845
X13025	1	4	12	469	2279
X13026	1	4	14	425	2490
X13027	1	5	19	559	2691
X13028	1	2	10	379	2218
X13029	1	4	15	520	2616
X13030	1	4	17	543	2724
X13031	1	4	12	459	2440
X13032	1	4	17	550	2812
X13033	1	3	11	477	2268
X13034	1	5	18	546	2912
X13035	1	5	15	425	2288
X13036	1	2	8	451	2210
X13037	1	3	9	348	2309
X13039	1	3	13	424	2394
X13040	1	4	13	466	2685
X13041	1	2	11	367	2206
X13042	1	5	21	588	2836
X13043	1	5	20	583	2866
X13079	1	4	15	467	2327
X13086	1	4	17	470	2509
X13092	1	4	16	480	2379
X13096	1	5	17	497	2636
X13103	1	4	14	448	2381
X13110	1	6	21	551	2674
X13120	1	3	12	345	1941
X13126	1	5	17	445	2523
X13129	1	5	19	527	2549
X13136	1	3	15	447	2449
X14861	1	6	20	629	3301
X14862	1	6	20	594	3090
X14863	1	5	15	498	2645
X14864	1	6	21	614	2902
X14865	1	5	18	490	2681
X14866	1	7	23	512	2710
X14867	1	3	13	483	2734
X14868	1	6	22	584	3013
X14869	1	6	16	534	2595
X14870	1	5	17	491	2563
X14871	1	6	23	732	3208
X14872	1	6	22	587	2667
X14873	1	5	17	522	2910
X14902	1	5	21	624	3046
X14903	1	6	16	472	2460
X14904	1	5	19	635	3053
X14905	1	6	19	551	2799
X14906	1	4	11	488	2576
X14907	1	7	21	601	2851
X14908	1	7	23	685	3112
X14909	1	5	19	569	2992
X14910	1	6	21	553	2628
X14911	1	7	24	670	3084
X14913	1	10	30	706	3071
X14914	1	6	19	626	3205
X14915	1	8	27	660	3055
X14916	1	4	15	451	2581
X14917	1	7	23	670	3113
X14918	1	7	25	716	3182
X14919	1	5	19	680	3109
X14920	1	6	19	562	2931
X14921	1	6	21	612	3029
